station_id,name,province,lat,lon,dataset_version,zip_member
3011240,CAMROSE,AB,53.05,-112.8166667,v3.20,IDF_v-3.20_2021_03_26_AB/idf_v-3.20_2021_03_26_301_AB_3011240_CAMROSE.txt
3011887,CORONATION CLIMATE,AB,52.07416667,-111.4494444,v3.20,IDF_v-3.20_2021_03_26_AB/idf_v-3.20_2021_03_26_301_AB_3011887_CORONATION_CLIMATE.txt
3012206,EDMONTON INTERNATIONAL CS,AB,53.30666722,-113.6058358,v3.20,IDF_v-3.20_2021_03_26_AB/idf_v-3.20_2021_03_26_301_AB_3012206_EDMONTON_INTERNATIONAL_CS.txt
3012209,EDMONTON BLATCHFORD,AB,53.57305778,-113.5166694,v3.20,IDF_v-3.20_2021_03_26_AB/idf_v-3.20_2021_03_26_301_AB_3012209_EDMONTON_BLATCHFORD.txt
3012210,EDMONTON NAMAO A,AB,53.66666667,-113.4666667,v3.20,IDF_v-3.20_2021_03_26_AB/idf_v-3.20_2021_03_26_301_AB_3012210_EDMONTON_NAMAO_A.txt
3012275,ELK ISLAND NAT PARK,AB,53.68277778,-112.8680556,v3.20,IDF_v-3.20_2021_03_26_AB/idf_v-3.20_2021_03_26_301_AB_3012275_ELK_ISLAND_NAT_PARK.txt
3012295,ELLERSLIE,AB,53.41666667,-113.55,v3.20,IDF_v-3.20_2021_03_26_AB/idf_v-3.20_2021_03_26_301_AB_3012295_ELLERSLIE.txt
3015523,ROCKY MTN HOUSE (AUT),AB,52.42139056,-114.9122231,v3.20,IDF_v-3.20_2021_03_26_AB/idf_v-3.20_2021_03_26_301_AB_3015523_ROCKY_MTN_HOUSE_(AUT).txt
3016860,VIOLET GROVE CS,AB,53.14361361,-115.1263889,v3.20,IDF_v-3.20_2021_03_26_AB/idf_v-3.20_2021_03_26_301_AB_3016860_VIOLET_GROVE_CS.txt
3016GF0,VEGREVILLE,AB,53.50527861,-112.0977789,v3.20,IDF_v-3.20_2021_03_26_AB/idf_v-3.20_2021_03_26_301_AB_3016GF0_VEGREVILLE.txt
301A001,EDMONTON STONY PLAIN CS,AB,53.54724444,-114.1083528,v3.20,IDF_v-3.20_2021_03_26_AB/idf_v-3.20_2021_03_26_301_AB_301A001_EDMONTON_STONY_PLAIN_CS.txt
301B460,ESTHER 1,AB,51.66974167,-110.2061361,v3.20,IDF_v-3.20_2021_03_26_AB/idf_v-3.20_2021_03_26_301_AB_301B460_ESTHER_1.txt
301S001,WAINWRIGHT CFB AIRFIELD 21,AB,52.82944611,-111.0955575,v3.20,IDF_v-3.20_2021_03_26_AB/idf_v-3.20_2021_03_26_301_AB_301S001_WAINWRIGHT_CFB_AIRFIELD_21.txt
30221LG,DRUMHELLER EAST,AB,51.44527778,-112.6766667,v3.20,IDF_v-3.20_2021_03_26_AB/idf_v-3.20_2021_03_26_302_AB_30221LG_DRUMHELLER_EAST.txt
3023722,LACOMBE CDA 2,AB,52.44889056,-113.7558347,v3.20,IDF_v-3.20_2021_03_26_AB/idf_v-3.20_2021_03_26_302_AB_3023722_LACOMBE_CDA_2.txt
3025481,RED DEER REGIONAL A,AB,52.18222222,-113.8944444,v3.20,IDF_v-3.20_2021_03_26_AB/idf_v-3.20_2021_03_26_302_AB_3025481_RED_DEER_REGIONAL_A.txt
3026KNQ,SUNDRE A,AB,51.77805556,-114.6825,v3.20,IDF_v-3.20_2021_03_26_AB/idf_v-3.20_2021_03_26_302_AB_3026KNQ_SUNDRE_A.txt
3030QLP,BROOKS,AB,50.55529722,-111.8488972,v3.20,IDF_v-3.20_2021_03_26_AB/idf_v-3.20_2021_03_26_303_AB_3030QLP_BROOKS.txt
3031094,CALGARY INT'L CS,AB,51.10944722,-114.0002972,v3.20,IDF_v-3.20_2021_03_26_AB/idf_v-3.20_2021_03_26_303_AB_3031094_CALGARY_INT_L_CS.txt
3031640,CLARESHOLM,AB,50.00363056,-113.6386361,v3.20,IDF_v-3.20_2021_03_26_AB/idf_v-3.20_2021_03_26_303_AB_3031640_CLARESHOLM.txt
3033890,LETHBRIDGE CDA,AB,49.695,-112.7675,v3.20,IDF_v-3.20_2021_03_26_AB/idf_v-3.20_2021_03_26_303_AB_3033890_LETHBRIDGE_CDA.txt
3034485,MEDICINE HAT RCS,AB,50.02511111,-110.71725,v3.20,IDF_v-3.20_2021_03_26_AB/idf_v-3.20_2021_03_26_303_AB_3034485_MEDICINE_HAT_RCS.txt
3035208,PINCHER CREEK CLIMATE,AB,49.5216675,-114.0047225,v3.20,IDF_v-3.20_2021_03_26_AB/idf_v-3.20_2021_03_26_303_AB_3035208_PINCHER_CREEK_CLIMATE.txt
3036099,STAVELY AAFC,AB,50.18333333,-113.8833333,v3.20,IDF_v-3.20_2021_03_26_AB/idf_v-3.20_2021_03_26_303_AB_3036099_STAVELY_AAFC.txt
3036682,VAUXHALL CDA CS,AB,50.05,-112.1333333,v3.20,IDF_v-3.20_2021_03_26_AB/idf_v-3.20_2021_03_26_303_AB_3036682_VAUXHALL_CDA_CS.txt
3044533,MILK RIVER,AB,49.13333333,-112.05,v3.20,IDF_v-3.20_2021_03_26_AB/idf_v-3.20_2021_03_26_304_AB_3044533_MILK_RIVER.txt
3044923,ONEFOUR CDA,AB,49.11666667,-110.4666667,v3.20,IDF_v-3.20_2021_03_26_AB/idf_v-3.20_2021_03_26_304_AB_3044923_ONEFOUR_CDA.txt
3050519,BANFF CS,AB,51.19335833,-115.5522361,v3.20,IDF_v-3.20_2021_03_26_AB/idf_v-3.20_2021_03_26_305_AB_3050519_BANFF_CS.txt
3050778,BOW VALLEY,AB,51.08333333,-115.0666667,v3.20,IDF_v-3.20_2021_03_26_AB/idf_v-3.20_2021_03_26_305_AB_3050778_BOW_VALLEY.txt
3053520,JASPER,AB,52.88333333,-118.0666667,v3.20,IDF_v-3.20_2021_03_26_AB/idf_v-3.20_2021_03_26_305_AB_3053520_JASPER.txt
3053536,JASPER WARDEN,AB,52.92638889,-118.0297222,v3.20,IDF_v-3.20_2021_03_26_AB/idf_v-3.20_2021_03_26_305_AB_3053536_JASPER_WARDEN.txt
3053600,KANANASKIS,AB,51.02752222,-115.0347389,v3.20,IDF_v-3.20_2021_03_26_AB/idf_v-3.20_2021_03_26_305_AB_3053600_KANANASKIS.txt
3056214,WATERTON PARK GATE,AB,49.13113333,-113.8086139,v3.20,IDF_v-3.20_2021_03_26_AB/idf_v-3.20_2021_03_26_305_AB_3056214_WATERTON_PARK_GATE.txt
3062246,EDSON CLIMATE,AB,53.58027972,-116.4533353,v3.20,IDF_v-3.20_2021_03_26_AB/idf_v-3.20_2021_03_26_306_AB_3062246_EDSON_CLIMATE.txt
3062696,FORT MCMURRAY CS,AB,56.65111111,-111.2133333,v3.20,IDF_v-3.20_2021_03_26_AB/idf_v-3.20_2021_03_26_306_AB_3062696_FORT_MCMURRAY_CS.txt
3063686,LAC LA BICHE CLIMATE,AB,54.76888889,-112.0236111,v3.20,IDF_v-3.20_2021_03_26_AB/idf_v-3.20_2021_03_26_306_AB_3063686_LAC_LA_BICHE_CLIMATE.txt
3064528,MILDRED LAKE,AB,57.04111111,-111.5588889,v3.20,IDF_v-3.20_2021_03_26_AB/idf_v-3.20_2021_03_26_306_AB_3064528_MILDRED_LAKE.txt
3065997,SLAVE LAKE RCS,AB,55.29305556,-114.7772222,v3.20,IDF_v-3.20_2021_03_26_AB/idf_v-3.20_2021_03_26_306_AB_3065997_SLAVE_LAKE_RCS.txt
3067372,WHITECOURT A,AB,54.14388889,-115.7866667,v3.20,IDF_v-3.20_2021_03_26_AB/idf_v-3.20_2021_03_26_306_AB_3067372_WHITECOURT_A.txt
3070600,BEAVERLODGE RCS,AB,55.19666722,-119.3964139,v3.20,IDF_v-3.20_2021_03_26_AB/idf_v-3.20_2021_03_26_307_AB_3070600_BEAVERLODGE_RCS.txt
3072659,FORT CHIPEWYAN RCS,AB,58.76722222,-111.1172222,v3.20,IDF_v-3.20_2021_03_26_AB/idf_v-3.20_2021_03_26_307_AB_3072659_FORT_CHIPEWYAN_RCS.txt
3072723,FORT VERMILION,AB,58.38230556,-116.0401667,v3.20,IDF_v-3.20_2021_03_26_AB/idf_v-3.20_2021_03_26_307_AB_3072723_FORT_VERMILION.txt
3072920,GRANDE PRAIRIE A,AB,55.17972222,-118.885,v3.20,IDF_v-3.20_2021_03_26_AB/idf_v-3.20_2021_03_26_307_AB_3072920_GRANDE_PRAIRIE_A.txt
3073146,HIGH LEVEL A,AB,58.62138889,-117.1647222,v3.20,IDF_v-3.20_2021_03_26_AB/idf_v-3.20_2021_03_26_307_AB_3073146_HIGH_LEVEL_A.txt
3075040,PEACE RIVER A,AB,56.22694444,-117.4472222,v3.20,IDF_v-3.20_2021_03_26_AB/idf_v-3.20_2021_03_26_307_AB_3075040_PEACE_RIVER_A.txt
3077246,WATINO,AB,55.71666667,-117.6333333,v3.20,IDF_v-3.20_2021_03_26_AB/idf_v-3.20_2021_03_26_307_AB_3077246_WATINO.txt
307KPFP,GARDEN RIVER,AB,58.71083333,-113.8664722,v3.20,IDF_v-3.20_2021_03_26_AB/idf_v-3.20_2021_03_26_307_AB_307KPFP_GARDEN_RIVER.txt
3081680,COLD LAKE A,AB,54.41666667,-110.2833333,v3.20,IDF_v-3.20_2021_03_26_AB/idf_v-3.20_2021_03_26_308_AB_3081680_COLD_LAKE_A.txt
1012055,LAKE COWICHAN,BC,48.82944444,-124.0522222,v3.20,IDF_v-3.20_2021_03_26_BC/idf_v-3.20_2021_03_26_101_BC_1012055_LAKE_COWICHAN.txt
1013754,JORDAN RIVER DIVERSION,BC,48.5,-124.0,v3.20,IDF_v-3.20_2021_03_26_BC/idf_v-3.20_2021_03_26_101_BC_1013754_JORDAN_RIVER_DIVERSION.txt
1013755,JORDAN RIVER GENERATING,BC,48.41666667,-124.05,v3.20,IDF_v-3.20_2021_03_26_BC/idf_v-3.20_2021_03_26_101_BC_1013755_JORDAN_RIVER_GENERATING.txt
1015628,NORTH COWICHAN,BC,48.82416667,-123.7183333,v3.20,IDF_v-3.20_2021_03_26_BC/idf_v-3.20_2021_03_26_101_BC_1015628_NORTH_COWICHAN.txt
1016335,PORT RENFREW,BC,48.5916675,-124.3263889,v3.20,IDF_v-3.20_2021_03_26_BC/idf_v-3.20_2021_03_26_101_BC_1016335_PORT_RENFREW.txt
1016941,SAANICH CAMOSUN COLLEGE,BC,48.5,-123.4166667,v3.20,IDF_v-3.20_2021_03_26_BC/idf_v-3.20_2021_03_26_101_BC_1016941_SAANICH_CAMOSUN_COLLEGE.txt
1017099,SATURNA CAPMON CS,BC,48.77502222,-123.1280778,v3.20,IDF_v-3.20_2021_03_26_BC/idf_v-3.20_2021_03_26_101_BC_1017099_SATURNA_CAPMON_CS.txt
1018598,VICTORIA UNIVERSITY CS,BC,48.457,-123.3046111,v3.20,IDF_v-3.20_2021_03_26_BC/idf_v-3.20_2021_03_26_101_BC_1018598_VICTORIA_UNIVERSITY_CS.txt
1018611,VICTORIA GONZALES CS,BC,48.41330444,-123.3247756,v3.20,IDF_v-3.20_2021_03_26_BC/idf_v-3.20_2021_03_26_101_BC_1018611_VICTORIA_GONZALES_CS.txt
1018621,VICTORIA INTL A,BC,48.64722222,-123.4258333,v3.20,IDF_v-3.20_2021_03_26_BC/idf_v-3.20_2021_03_26_101_BC_1018621_VICTORIA_INTL_A.txt
1018642,VICTORIA MARINE,BC,48.36666667,-123.75,v3.20,IDF_v-3.20_2021_03_26_BC/idf_v-3.20_2021_03_26_101_BC_1018642_VICTORIA_MARINE.txt
1021261,CAMPBELL RIVER A,BC,49.95194444,-125.2730556,v3.20,IDF_v-3.20_2021_03_26_BC/idf_v-3.20_2021_03_26_102_BC_1021261_CAMPBELL_RIVER_A.txt
1021265,CAMPBELL RIVER STP,BC,50.01666667,-125.2333333,v3.20,IDF_v-3.20_2021_03_26_BC/idf_v-3.20_2021_03_26_102_BC_1021265_CAMPBELL_RIVER_STP.txt
1021830,COMOX A,BC,49.71666667,-124.9,v3.20,IDF_v-3.20_2021_03_26_BC/idf_v-3.20_2021_03_26_102_BC_1021830_COMOX_A.txt
1021990,COURTENAY PUNTLEDGE BCHP,BC,49.68333333,-125.0333333,v3.20,IDF_v-3.20_2021_03_26_BC/idf_v-3.20_2021_03_26_102_BC_1021990_COURTENAY_PUNTLEDGE_BCHP.txt
1025369,NANAIMO A,BC,49.05444444,-123.87,v3.20,IDF_v-3.20_2021_03_26_BC/idf_v-3.20_2021_03_26_102_BC_1025369_NANAIMO_A.txt
10253G0,NANAIMO CITY YARD,BC,49.19914778,-123.9878506,v3.20,IDF_v-3.20_2021_03_26_BC/idf_v-3.20_2021_03_26_102_BC_10253G0_NANAIMO_CITY_YARD.txt
1025C70,NANAIMO DEPARTURE BAY,BC,49.21666667,-123.95,v3.20,IDF_v-3.20_2021_03_26_BC/idf_v-3.20_2021_03_26_102_BC_1025C70_NANAIMO_DEPARTURE_BAY.txt
1026270,PORT HARDY A,BC,50.68027778,-127.3661111,v3.20,IDF_v-3.20_2021_03_26_BC/idf_v-3.20_2021_03_26_102_BC_1026270_PORT_HARDY_A.txt
1026562,QUALICUM BEACH AIRPORT,BC,49.33722222,-124.3938889,v3.20,IDF_v-3.20_2021_03_26_BC/idf_v-3.20_2021_03_26_102_BC_1026562_QUALICUM_BEACH_AIRPORT.txt
1027775,STRATHCONA DAM,BC,50.0,-125.5833333,v3.20,IDF_v-3.20_2021_03_26_BC/idf_v-3.20_2021_03_26_102_BC_1027775_STRATHCONA_DAM.txt
1030426,AMPHITRITE POINT,BC,48.92111306,-125.5411119,v3.20,IDF_v-3.20_2021_03_26_BC/idf_v-3.20_2021_03_26_103_BC_1030426_AMPHITRITE_POINT.txt
1031413,CARNATION CREEK CDF,BC,48.9,-125.0,v3.20,IDF_v-3.20_2021_03_26_BC/idf_v-3.20_2021_03_26_103_BC_1031413_CARNATION_CREEK_CDF.txt
1032731,ESTEVAN POINT CS,BC,49.38330944,-126.5431092,v3.20,IDF_v-3.20_2021_03_26_BC/idf_v-3.20_2021_03_26_103_BC_1032731_ESTEVAN_POINT_CS.txt
1036B06,PORT ALBERNI (AUT),BC,49.31658333,-124.9268333,v3.20,IDF_v-3.20_2021_03_26_BC/idf_v-3.20_2021_03_26_103_BC_1036B06_PORT_ALBERNI_(AUT).txt
1038205,TOFINO A,BC,49.08222222,-125.7725056,v3.20,IDF_v-3.20_2021_03_26_BC/idf_v-3.20_2021_03_26_103_BC_1038205_TOFINO_A.txt
1041710,CLOWHOM FALLS,BC,49.71666667,-123.5333333,v3.20,IDF_v-3.20_2021_03_26_BC/idf_v-3.20_2021_03_26_104_BC_1041710_CLOWHOM_FALLS.txt
1042255,DAISY LAKE DAM,BC,49.98333333,-123.1333333,v3.20,IDF_v-3.20_2021_03_26_BC/idf_v-3.20_2021_03_26_104_BC_1042255_DAISY_LAKE_DAM.txt
1045100,MERRY ISLAND LIGHTSTATION,BC,49.46750833,-123.9125111,v3.20,IDF_v-3.20_2021_03_26_BC/idf_v-3.20_2021_03_26_104_BC_1045100_MERRY_ISLAND_LIGHTSTATION.txt
10459NN,HOWE SOUND - PAM ROCKS,BC,49.48778028,-123.2994528,v3.20,IDF_v-3.20_2021_03_26_BC/idf_v-3.20_2021_03_26_104_BC_10459NN_HOWE_SOUND_-_PAM_ROCKS.txt
1046332,PORT MELLON,BC,49.52630556,-123.49625,v3.20,IDF_v-3.20_2021_03_26_BC/idf_v-3.20_2021_03_26_104_BC_1046332_PORT_MELLON.txt
1046392,POWELL RIVER,BC,49.83455556,-124.4968056,v3.20,IDF_v-3.20_2021_03_26_BC/idf_v-3.20_2021_03_26_104_BC_1046392_POWELL_RIVER.txt
1047172,SECHELT AUT,BC,49.45799667,-123.7152625,v3.20,IDF_v-3.20_2021_03_26_BC/idf_v-3.20_2021_03_26_104_BC_1047172_SECHELT_AUT.txt
10476F0,SQUAMISH AIRPORT,BC,49.78320833,-123.1611944,v3.20,IDF_v-3.20_2021_03_26_BC/idf_v-3.20_2021_03_26_104_BC_10476F0_SQUAMISH_AIRPORT.txt
1051351,CAPE ST JAMES,BC,51.93583333,-131.0158333,v3.20,IDF_v-3.20_2021_03_26_BC/idf_v-3.20_2021_03_26_105_BC_1051351_CAPE_ST_JAMES.txt
1054500,LANGARA,BC,54.25518,-133.0579997,v3.20,IDF_v-3.20_2021_03_26_BC/idf_v-3.20_2021_03_26_105_BC_1054500_LANGARA.txt
10551R8,MORESBY ISLAND MITCHELL INLET,BC,52.93472222,-132.1288889,v3.20,IDF_v-3.20_2021_03_26_BC/idf_v-3.20_2021_03_26_105_BC_10551R8_MORESBY_ISLAND_MITCHELL_INLET.txt
1057050,SANDSPIT A,BC,53.25388889,-131.8130556,v3.20,IDF_v-3.20_2021_03_26_BC/idf_v-3.20_2021_03_26_105_BC_1057050_SANDSPIT_A.txt
1060841,BELLA COOLA A,BC,52.3875,-126.5958333,v3.20,IDF_v-3.20_2021_03_26_BC/idf_v-3.20_2021_03_26_106_BC_1060841_BELLA_COOLA_A.txt
1060842,BELLA COOLA BC HYDRO,BC,52.36666667,-126.8166667,v3.20,IDF_v-3.20_2021_03_26_BC/idf_v-3.20_2021_03_26_106_BC_1060842_BELLA_COOLA_BC_HYDRO.txt
1063461,HERBERT ISLAND (AUT),BC,50.93976111,-127.63205,v3.20,IDF_v-3.20_2021_03_26_BC/idf_v-3.20_2021_03_26_106_BC_1063461_HERBERT_ISLAND_(AUT).txt
1064288,KITIMAT,BC,54.05,-128.6833333,v3.20,IDF_v-3.20_2021_03_26_BC/idf_v-3.20_2021_03_26_106_BC_1064288_KITIMAT.txt
1066481,PRINCE RUPERT A,BC,54.2925,-130.4447222,v3.20,IDF_v-3.20_2021_03_26_BC/idf_v-3.20_2021_03_26_106_BC_1066481_PRINCE_RUPERT_A.txt
1067742,STEWART A,BC,55.93611111,-129.985,v3.20,IDF_v-3.20_2021_03_26_BC/idf_v-3.20_2021_03_26_106_BC_1067742_STEWART_A.txt
1068130,TERRACE A,BC,54.46638889,-128.5775,v3.20,IDF_v-3.20_2021_03_26_BC/idf_v-3.20_2021_03_26_106_BC_1068130_TERRACE_A.txt
1068131,TERRACE PCC,BC,54.50194444,-128.6247222,v3.20,IDF_v-3.20_2021_03_26_BC/idf_v-3.20_2021_03_26_106_BC_1068131_TERRACE_PCC.txt
1076638,QUICK,BC,54.61666667,-126.9,v3.20,IDF_v-3.20_2021_03_26_BC/idf_v-3.20_2021_03_26_107_BC_1076638_QUICK.txt
1077500,SMITHERS A,BC,54.82472222,-127.1827778,v3.20,IDF_v-3.20_2021_03_26_BC/idf_v-3.20_2021_03_26_107_BC_1077500_SMITHERS_A.txt
1084490,LAJOIE DAM,BC,50.83333333,-122.8666667,v3.20,IDF_v-3.20_2021_03_26_BC/idf_v-3.20_2021_03_26_108_BC_1084490_LAJOIE_DAM.txt
1086083,PEMBERTON BCFS,BC,50.31666667,-122.8166667,v3.20,IDF_v-3.20_2021_03_26_BC/idf_v-3.20_2021_03_26_108_BC_1086083_PEMBERTON_BCFS.txt
1086558,PUNTZI MOUNTAIN (AUT),BC,52.11444444,-124.1355556,v3.20,IDF_v-3.20_2021_03_26_BC/idf_v-3.20_2021_03_26_108_BC_1086558_PUNTZI_MOUNTAIN_(AUT).txt
1087600,SOUTHBANK,BC,54.03333333,-125.7666667,v3.20,IDF_v-3.20_2021_03_26_BC/idf_v-3.20_2021_03_26_108_BC_1087600_SOUTHBANK.txt
1091169,BURNS LAKE,BC,54.23333333,-125.7666667,v3.20,IDF_v-3.20_2021_03_26_BC/idf_v-3.20_2021_03_26_109_BC_1091169_BURNS_LAKE.txt
1092970,FORT ST JAMES,BC,54.45528028,-124.2855561,v3.20,IDF_v-3.20_2021_03_26_BC/idf_v-3.20_2021_03_26_109_BC_1092970_FORT_ST_JAMES.txt
1092972,FORT ST JAMES A,BC,54.41666667,-124.25,v3.20,IDF_v-3.20_2021_03_26_BC/idf_v-3.20_2021_03_26_109_BC_1092972_FORT_ST_JAMES_A.txt
1093599,HORSEFLY BCFS,BC,52.33333333,-121.4166667,v3.20,IDF_v-3.20_2021_03_26_BC/idf_v-3.20_2021_03_26_109_BC_1093599_HORSEFLY_BCFS.txt
1094125,KERSLEY,BC,52.81666667,-122.3666667,v3.20,IDF_v-3.20_2021_03_26_BC/idf_v-3.20_2021_03_26_109_BC_1094125_KERSLEY.txt
1094948,MCBRIDE ELDER CREEK,BC,53.42338889,-120.3526667,v3.20,IDF_v-3.20_2021_03_26_BC/idf_v-3.20_2021_03_26_109_BC_1094948_MCBRIDE_ELDER_CREEK.txt
1094955,MCBRIDE NORTH,BC,53.36666667,-120.25,v3.20,IDF_v-3.20_2021_03_26_BC/idf_v-3.20_2021_03_26_109_BC_1094955_MCBRIDE_NORTH.txt
1096453,PRINCE GEORGE AIRPORT AUTO,BC,53.88888889,-122.671945,v3.20,IDF_v-3.20_2021_03_26_BC/idf_v-3.20_2021_03_26_109_BC_1096453_PRINCE_GEORGE_AIRPORT_AUTO.txt
1098940,WILLIAMS LAKE A,BC,52.18305556,-122.0541667,v3.20,IDF_v-3.20_2021_03_26_BC/idf_v-3.20_2021_03_26_109_BC_1098940_WILLIAMS_LAKE_A.txt
1100030,ABBOTSFORD A,BC,49.02527778,-122.36,v3.20,IDF_v-3.20_2021_03_26_BC/idf_v-3.20_2021_03_26_110_BC_1100030_ABBOTSFORD_A.txt
1100119,AGASSIZ RCS,BC,49.24305556,-121.7602778,v3.20,IDF_v-3.20_2021_03_26_BC/idf_v-3.20_2021_03_26_110_BC_1100119_AGASSIZ_RCS.txt
1100360,ALOUETTE LAKE,BC,49.28333333,-122.4833333,v3.20,IDF_v-3.20_2021_03_26_BC/idf_v-3.20_2021_03_26_110_BC_1100360_ALOUETTE_LAKE.txt
1100875,WHISTLER - NESTERS,BC,50.12894444,-122.9546111,v3.20,IDF_v-3.20_2021_03_26_BC/idf_v-3.20_2021_03_26_110_BC_1100875_WHISTLER_-_NESTERS.txt
1101140,BUNTZEN LAKE,BC,49.38333333,-122.8666667,v3.20,IDF_v-3.20_2021_03_26_BC/idf_v-3.20_2021_03_26_110_BC_1101140_BUNTZEN_LAKE.txt
1101562,CHILLIWACK MICROWAVE,BC,49.11666667,-121.9,v3.20,IDF_v-3.20_2021_03_26_BC/idf_v-3.20_2021_03_26_110_BC_1101562_CHILLIWACK_MICROWAVE.txt
1101890,COQUITLAM LAKE,BC,49.36666667,-122.8,v3.20,IDF_v-3.20_2021_03_26_BC/idf_v-3.20_2021_03_26_110_BC_1101890_COQUITLAM_LAKE.txt
1102415,DELTA BURNS BOG,BC,49.12584806,-123.0022458,v3.20,IDF_v-3.20_2021_03_26_BC/idf_v-3.20_2021_03_26_110_BC_1102415_DELTA_BURNS_BOG.txt
1103328,HANEY MICROWAVE,BC,49.2,-122.5166667,v3.20,IDF_v-3.20_2021_03_26_BC/idf_v-3.20_2021_03_26_110_BC_1103328_HANEY_MICROWAVE.txt
1103332,HANEY UBC RF ADMIN,BC,49.26447222,-122.5731667,v3.20,IDF_v-3.20_2021_03_26_BC/idf_v-3.20_2021_03_26_110_BC_1103332_HANEY_UBC_RF_ADMIN.txt
1103636,HUNTINGDON VYE ROAD,BC,49.03333333,-122.2,v3.20,IDF_v-3.20_2021_03_26_BC/idf_v-3.20_2021_03_26_110_BC_1103636_HUNTINGDON_VYE_ROAD.txt
1104555,LANGLEY LOCHIEL,BC,49.05,-122.5833333,v3.20,IDF_v-3.20_2021_03_26_BC/idf_v-3.20_2021_03_26_110_BC_1104555_LANGLEY_LOCHIEL.txt
1105192,MISSION WEST ABBEY,BC,49.15250056,-122.2705558,v3.20,IDF_v-3.20_2021_03_26_BC/idf_v-3.20_2021_03_26_110_BC_1105192_MISSION_WEST_ABBEY.txt
1105660,N VANCOUVER LYNN CREEK,BC,49.36666667,-123.0333333,v3.20,IDF_v-3.20_2021_03_26_BC/idf_v-3.20_2021_03_26_110_BC_1105660_N_VANCOUVER_LYNN_CREEK.txt
1106178,PITT MEADOWS CS,BC,49.20832333,-122.6900211,v3.20,IDF_v-3.20_2021_03_26_BC/idf_v-3.20_2021_03_26_110_BC_1106178_PITT_MEADOWS_CS.txt
1106180,PITT POLDER,BC,49.27322222,-122.6306111,v3.20,IDF_v-3.20_2021_03_26_BC/idf_v-3.20_2021_03_26_110_BC_1106180_PITT_POLDER.txt
1106256,PORT COQUITLAM CITY YARD,BC,49.26666667,-122.7833333,v3.20,IDF_v-3.20_2021_03_26_BC/idf_v-3.20_2021_03_26_110_BC_1106256_PORT_COQUITLAM_CITY_YARD.txt
1106CL2,PORT MOODY GLENAYRE,BC,49.27916667,-122.8813889,v3.20,IDF_v-3.20_2021_03_26_BC/idf_v-3.20_2021_03_26_110_BC_1106CL2_PORT_MOODY_GLENAYRE.txt
1107873,SURREY KWANTLEN PARK,BC,49.19222222,-122.8597361,v3.20,IDF_v-3.20_2021_03_26_BC/idf_v-3.20_2021_03_26_110_BC_1107873_SURREY_KWANTLEN_PARK.txt
1107876,SURREY MUNICIPAL HALL,BC,49.10668056,-122.8275111,v3.20,IDF_v-3.20_2021_03_26_BC/idf_v-3.20_2021_03_26_110_BC_1107876_SURREY_MUNICIPAL_HALL.txt
1108395,VANCOUVER INTL A,BC,49.19472222,-123.1838889,v3.20,IDF_v-3.20_2021_03_26_BC/idf_v-3.20_2021_03_26_110_BC_1108395_VANCOUVER_INTL_A.txt
1108446,VANCOUVER HARBOUR CS,BC,49.29535278,-123.1218694,v3.20,IDF_v-3.20_2021_03_26_BC/idf_v-3.20_2021_03_26_110_BC_1108446_VANCOUVER_HARBOUR_CS.txt
1108453,VANCOUVER KITSILANO,BC,49.26666667,-123.1666667,v3.20,IDF_v-3.20_2021_03_26_BC/idf_v-3.20_2021_03_26_110_BC_1108453_VANCOUVER_KITSILANO.txt
1108487,VANCOUVER UBC,BC,49.25,-123.25,v3.20,IDF_v-3.20_2021_03_26_BC/idf_v-3.20_2021_03_26_110_BC_1108487_VANCOUVER_UBC.txt
1108910,WHITE ROCK CAMPBELL SCIENTIFIC,BC,49.01805556,-122.7838889,v3.20,IDF_v-3.20_2021_03_26_BC/idf_v-3.20_2021_03_26_110_BC_1108910_WHITE_ROCK_CAMPBELL_SCIENTIFIC.txt
110JA54,BURNABY MTN BCHPA,BC,49.28333333,-122.9166667,v3.20,IDF_v-3.20_2021_03_26_BC/idf_v-3.20_2021_03_26_110_BC_110JA54_BURNABY_MTN_BCHPA.txt
110N6FF,N VANC SONORA DR,BC,49.3625,-123.0975,v3.20,IDF_v-3.20_2021_03_26_BC/idf_v-3.20_2021_03_26_110_BC_110N6FF_N_VANC_SONORA_DR.txt
1113420,HELLS GATE,BC,49.78333333,-121.45,v3.20,IDF_v-3.20_2021_03_26_BC/idf_v-3.20_2021_03_26_111_BC_1113420_HELLS_GATE.txt
1113540,HOPE A,BC,49.36833333,-121.4980556,v3.20,IDF_v-3.20_2021_03_26_BC/idf_v-3.20_2021_03_26_111_BC_1113540_HOPE_A.txt
1114619,LILLOOET,BC,50.68372778,-121.9341514,v3.20,IDF_v-3.20_2021_03_26_BC/idf_v-3.20_2021_03_26_111_BC_1114619_LILLOOET.txt
1114741,LYTTON,BC,50.23333333,-121.5833333,v3.20,IDF_v-3.20_2021_03_26_BC/idf_v-3.20_2021_03_26_111_BC_1114741_LYTTON.txt
1117215,SHALALTH,BC,50.72833333,-122.2405556,v3.20,IDF_v-3.20_2021_03_26_BC/idf_v-3.20_2021_03_26_111_BC_1117215_SHALALTH.txt
1123970,KELOWNA A,BC,49.95611111,-119.3777778,v3.20,IDF_v-3.20_2021_03_26_BC/idf_v-3.20_2021_03_26_112_BC_1123970_KELOWNA_A.txt
1123992,KELOWNA PC BURNETTS NURSERY,BC,49.87416667,-119.4835,v3.20,IDF_v-3.20_2021_03_26_BC/idf_v-3.20_2021_03_26_112_BC_1123992_KELOWNA_PC_BURNETTS_NURSERY.txt
1125766,OLIVER STP,BC,49.17902778,-119.5446944,v3.20,IDF_v-3.20_2021_03_26_BC/idf_v-3.20_2021_03_26_112_BC_1125766_OLIVER_STP.txt
1126150,PENTICTON A,BC,49.46305556,-119.6022222,v3.20,IDF_v-3.20_2021_03_26_BC/idf_v-3.20_2021_03_26_112_BC_1126150_PENTICTON_A.txt
1126510,PRINCETON A,BC,49.46777778,-120.5125,v3.20,IDF_v-3.20_2021_03_26_BC/idf_v-3.20_2021_03_26_112_BC_1126510_PRINCETON_A.txt
1128551,VERNON,BC,50.23333333,-119.2833333,v3.20,IDF_v-3.20_2021_03_26_BC/idf_v-3.20_2021_03_26_112_BC_1128551_VERNON.txt
112G8L1,SUMMERLAND CS,BC,49.56255556,-119.6486944,v3.20,IDF_v-3.20_2021_03_26_BC/idf_v-3.20_2021_03_26_112_BC_112G8L1_SUMMERLAND_CS.txt
1141455,CASTLEGAR A,BC,49.29638889,-117.6325,v3.20,IDF_v-3.20_2021_03_26_BC/idf_v-3.20_2021_03_26_114_BC_1141455_CASTLEGAR_A.txt
1141457,CASTLEGAR BCHPA DAM,BC,49.34339444,-117.7741778,v3.20,IDF_v-3.20_2021_03_26_BC/idf_v-3.20_2021_03_26_114_BC_1141457_CASTLEGAR_BCHPA_DAM.txt
1142574,DUNCAN LAKE DAM,BC,50.23866667,-116.9715278,v3.20,IDF_v-3.20_2021_03_26_BC/idf_v-3.20_2021_03_26_114_BC_1142574_DUNCAN_LAKE_DAM.txt
1142820,FAUQUIER,BC,49.87194444,-118.0675,v3.20,IDF_v-3.20_2021_03_26_BC/idf_v-3.20_2021_03_26_114_BC_1142820_FAUQUIER.txt
1148211,TRAIL BIRCHBANK,BC,49.19516667,-117.7283333,v3.20,IDF_v-3.20_2021_03_26_BC/idf_v-3.20_2021_03_26_114_BC_1148211_TRAIL_BIRCHBANK.txt
114B1F0,CRESTON CAMPBELL SCIENTIFIC,BC,49.08168944,-116.5006803,v3.20,IDF_v-3.20_2021_03_26_BC/idf_v-3.20_2021_03_26_114_BC_114B1F0_CRESTON_CAMPBELL_SCIENTIFIC.txt
1152102,CRANBROOK A,BC,49.61222222,-115.7819444,v3.20,IDF_v-3.20_2021_03_26_BC/idf_v-3.20_2021_03_26_115_BC_1152102_CRANBROOK_A.txt
1154203,KIMBERLEY PCC,BC,49.63158333,-115.9622778,v3.20,IDF_v-3.20_2021_03_26_BC/idf_v-3.20_2021_03_26_115_BC_1154203_KIMBERLEY_PCC.txt
1157631,SPARWOOD CS,BC,49.745,-114.8839,v3.20,IDF_v-3.20_2021_03_26_BC/idf_v-3.20_2021_03_26_115_BC_1157631_SPARWOOD_CS.txt
1160H99,BLUE RIVER CS,BC,52.129,-119.2899167,v3.20,IDF_v-3.20_2021_03_26_BC/idf_v-3.20_2021_03_26_116_BC_1160H99_BLUE_RIVER_CS.txt
1163842,KAMLOOPS AUT,BC,50.70222222,-120.4419444,v3.20,IDF_v-3.20_2021_03_26_BC/idf_v-3.20_2021_03_26_116_BC_1163842_KAMLOOPS_AUT.txt
1166R45,SALMON ARM A,BC,50.68555778,-119.2336136,v3.20,IDF_v-3.20_2021_03_26_BC/idf_v-3.20_2021_03_26_116_BC_1166R45_SALMON_ARM_A.txt
1173210,GOLDEN A,BC,51.29916667,-116.9822222,v3.20,IDF_v-3.20_2021_03_26_BC/idf_v-3.20_2021_03_26_117_BC_1173210_GOLDEN_A.txt
1175122,MICA DAM,BC,52.05305556,-118.5852778,v3.20,IDF_v-3.20_2021_03_26_BC/idf_v-3.20_2021_03_26_117_BC_1175122_MICA_DAM.txt
1176755,REVELSTOKE AIRPORT AUTO,BC,50.95822222,-118.1762778,v3.20,IDF_v-3.20_2021_03_26_BC/idf_v-3.20_2021_03_26_117_BC_1176755_REVELSTOKE_AIRPORT_AUTO.txt
1178CL9,VALEMOUNT NORTH,BC,52.85,-119.25,v3.20,IDF_v-3.20_2021_03_26_BC/idf_v-3.20_2021_03_26_117_BC_1178CL9_VALEMOUNT_NORTH.txt
11790J1,YOHO PARK,BC,51.44288889,-116.3445556,v3.20,IDF_v-3.20_2021_03_26_BC/idf_v-3.20_2021_03_26_117_BC_11790J1_YOHO_PARK.txt
117R00F,YOHO NAT PARK BOULDER CR,BC,51.38333333,-116.5333333,v3.20,IDF_v-3.20_2021_03_26_BC/idf_v-3.20_2021_03_26_117_BC_117R00F_YOHO_NAT_PARK_BOULDER_CR.txt
1181508,CHETWYND A,BC,55.68722222,-121.6266667,v3.20,IDF_v-3.20_2021_03_26_BC/idf_v-3.20_2021_03_26_118_BC_1181508_CHETWYND_A.txt
1182285,DAWSON CREEK A,BC,55.74166667,-120.1819444,v3.20,IDF_v-3.20_2021_03_26_BC/idf_v-3.20_2021_03_26_118_BC_1182285_DAWSON_CREEK_A.txt
1183000,FORT ST JOHN A,BC,56.23805556,-120.7402778,v3.20,IDF_v-3.20_2021_03_26_BC/idf_v-3.20_2021_03_26_118_BC_1183000_FORT_ST_JOHN_A.txt
1183090,GERMANSEN LANDING,BC,55.78552778,-124.7014444,v3.20,IDF_v-3.20_2021_03_26_BC/idf_v-3.20_2021_03_26_118_BC_1183090_GERMANSEN_LANDING.txt
1183FL0,HUDSON HOPE BCHPA DAM,BC,56.01666667,-122.2,v3.20,IDF_v-3.20_2021_03_26_BC/idf_v-3.20_2021_03_26_118_BC_1183FL0_HUDSON_HOPE_BCHPA_DAM.txt
1184793,MACKENZIE AIRPORT AUTO,BC,55.30528917,-123.1378022,v3.20,IDF_v-3.20_2021_03_26_BC/idf_v-3.20_2021_03_26_118_BC_1184793_MACKENZIE_AIRPORT_AUTO.txt
1187335,SIKANNI CHIEF,BC,57.25028,-122.7180558,v3.20,IDF_v-3.20_2021_03_26_BC/idf_v-3.20_2021_03_26_118_BC_1187335_SIKANNI_CHIEF.txt
1188696,WARE,BC,57.43333333,-125.6333333,v3.20,IDF_v-3.20_2021_03_26_BC/idf_v-3.20_2021_03_26_118_BC_1188696_WARE.txt
1192940,FORT NELSON A,BC,58.83638889,-122.5972222,v3.20,IDF_v-3.20_2021_03_26_BC/idf_v-3.20_2021_03_26_119_BC_1192940_FORT_NELSON_A.txt
1195250,MUNCHO LAKE,BC,58.93000111,-125.7666675,v3.20,IDF_v-3.20_2021_03_26_BC/idf_v-3.20_2021_03_26_119_BC_1195250_MUNCHO_LAKE.txt
1195J29,TETSA RIVER,BC,58.65307111,-124.2358478,v3.20,IDF_v-3.20_2021_03_26_BC/idf_v-3.20_2021_03_26_119_BC_1195J29_TETSA_RIVER.txt
119BLM0,DEASE LAKE (AUT),BC,58.42609972,-130.025,v3.20,IDF_v-3.20_2021_03_26_BC/idf_v-3.20_2021_03_26_119_BC_119BLM0_DEASE_LAKE_(AUT).txt
1200560,ATLIN,BC,59.56666667,-133.7,v3.20,IDF_v-3.20_2021_03_26_BC/idf_v-3.20_2021_03_26_120_BC_1200560_ATLIN.txt
1206197,PLEASANT CAMP,BC,59.45,-136.3666667,v3.20,IDF_v-3.20_2021_03_26_BC/idf_v-3.20_2021_03_26_120_BC_1206197_PLEASANT_CAMP.txt
1208041,TELEGRAPH CREEK,BC,57.9,-131.3333333,v3.20,IDF_v-3.20_2021_03_26_BC/idf_v-3.20_2021_03_26_120_BC_1208041_TELEGRAPH_CREEK.txt
1208202,TODAGIN RANCH,BC,57.6,-130.0666667,v3.20,IDF_v-3.20_2021_03_26_BC/idf_v-3.20_2021_03_26_120_BC_1208202_TODAGIN_RANCH.txt
5010490,BRANDON RCS,MB,49.9,-99.95,v3.10,IDF_v3.10_2020_03_27_MB/idf_v-3.10_2020_03_27_501_MB_5010490_BRANDON_RCS.txt
5010547,CARBERRY CS,MB,49.90580556,-99.35744444,v3.10,IDF_v3.10_2020_03_27_MB/idf_v-3.10_2020_03_27_501_MB_5010547_CARBERRY_CS.txt
5012324,PORTAGE SOUTHPORT,MB,49.90313889,-98.28413889,v3.10,IDF_v3.10_2020_03_27_MB/idf_v-3.10_2020_03_27_501_MB_5012324_PORTAGE_SOUTHPORT.txt
501A7AR,MELITA,MB,49.28127778,-100.9863611,v3.10,IDF_v3.10_2020_03_27_MB/idf_v-3.10_2020_03_27_501_MB_501A7AR_MELITA.txt
5020725,DEERWOOD RCS,MB,49.39983333,-98.31925,v3.10,IDF_v3.10_2020_03_27_MB/idf_v-3.10_2020_03_27_502_MB_5020725_DEERWOOD_RCS.txt
5021054,GLENLEA,MB,49.65,-97.11666667,v3.10,IDF_v3.10_2020_03_27_MB/idf_v-3.10_2020_03_27_502_MB_5021054_GLENLEA.txt
5021737,MIAMI THIESSEN,MB,49.45,-98.25,v3.10,IDF_v3.10_2020_03_27_MB/idf_v-3.10_2020_03_27_502_MB_5021737_MIAMI_THIESSEN.txt
5021849,MORDEN CDA CS,MB,49.18763889,-98.08394444,v3.10,IDF_v3.10_2020_03_27_MB/idf_v-3.10_2020_03_27_502_MB_5021849_MORDEN_CDA_CS.txt
5022125,PILOT MOUND (AUT),MB,49.19102778,-98.90486111,v3.10,IDF_v3.10_2020_03_27_MB/idf_v-3.10_2020_03_27_502_MB_5022125_PILOT_MOUND_(AUT).txt
50225DP,ST ANDREWS A,MB,50.05,-97.03333333,v3.10,IDF_v3.10_2020_03_27_MB/idf_v-3.10_2020_03_27_502_MB_50225DP_ST_ANDREWS_A.txt
5022759,SPRAGUE,MB,49.02361111,-95.59833583,v3.10,IDF_v3.10_2020_03_27_MB/idf_v-3.10_2020_03_27_502_MB_5022759_SPRAGUE.txt
5023261,WINNIPEG STP,MB,49.95,-97.1,v3.10,IDF_v3.10_2020_03_27_MB/idf_v-3.10_2020_03_27_502_MB_5023261_WINNIPEG_STP.txt
5023262,WINNIPEG THE FORKS,MB,49.88833556,-97.12944639,v3.10,IDF_v3.10_2020_03_27_MB/idf_v-3.10_2020_03_27_502_MB_5023262_WINNIPEG_THE_FORKS.txt
502I001,CARMAN U OF M CS,MB,49.49811111,-98.02975,v3.10,IDF_v3.10_2020_03_27_MB/idf_v-3.10_2020_03_27_502_MB_502I001_CARMAN_U_OF_M_CS.txt
502S001,WINNIPEG A CS,MB,49.91666667,-97.24944444,v3.10,IDF_v3.10_2020_03_27_MB/idf_v-3.10_2020_03_27_502_MB_502S001_WINNIPEG_A_CS.txt
5030203,BERENS RIVER CS,MB,52.35973667,-97.02195333,v3.10,IDF_v3.10_2020_03_27_MB/idf_v-3.10_2020_03_27_503_MB_5030203_BERENS_RIVER_CS.txt
5030282,BISSETT,MB,51.03333333,-95.7,v3.10,IDF_v3.10_2020_03_27_MB/idf_v-3.10_2020_03_27_503_MB_5030282_BISSETT.txt
50309J6,FISHER BRANCH (AUT),MB,51.08336111,-97.5545,v3.10,IDF_v3.10_2020_03_27_MB/idf_v-3.10_2020_03_27_503_MB_50309J6_FISHER_BRANCH_(AUT).txt
5031042,GIMLI CLIMATE,MB,50.63333333,-97.05,v3.10,IDF_v3.10_2020_03_27_MB/idf_v-3.10_2020_03_27_503_MB_5031042_GIMLI_CLIMATE.txt
5031320,INDIAN BAY,MB,49.62388889,-95.19722222,v3.10,IDF_v3.10_2020_03_27_MB/idf_v-3.10_2020_03_27_503_MB_5031320_INDIAN_BAY.txt
5031A10,GRAND RAPIDS (AUT),MB,53.18640667,-99.267805,v3.10,IDF_v3.10_2020_03_27_MB/idf_v-3.10_2020_03_27_503_MB_5031A10_GRAND_RAPIDS_(AUT).txt
5040681,DAUPHIN CS,MB,51.10038889,-100.0568889,v3.10,IDF_v3.10_2020_03_27_MB/idf_v-3.10_2020_03_27_504_MB_5040681_DAUPHIN_CS.txt
5042005,NEEPAWA WATER,MB,50.21666667,-99.46666667,v3.10,IDF_v3.10_2020_03_27_MB/idf_v-3.10_2020_03_27_504_MB_5042005_NEEPAWA_WATER.txt
5043158,MCCREARY,MB,50.71194472,-99.53000083,v3.10,IDF_v3.10_2020_03_27_MB/idf_v-3.10_2020_03_27_504_MB_5043158_MCCREARY.txt
5050919,FLIN FLON,MB,54.68333333,-101.6833333,v3.10,IDF_v3.10_2020_03_27_MB/idf_v-3.10_2020_03_27_505_MB_5050919_FLIN_FLON.txt
5052890,THE PAS CLIMATE,MB,53.96666667,-101.1,v3.10,IDF_v3.10_2020_03_27_MB/idf_v-3.10_2020_03_27_505_MB_5052890_THE_PAS_CLIMATE.txt
5060608,CHURCHILL CLIMATE,MB,58.73333333,-94.06666667,v3.10,IDF_v3.10_2020_03_27_MB/idf_v-3.10_2020_03_27_506_MB_5060608_CHURCHILL_CLIMATE.txt
5060999,GILLAM,MB,56.35889667,-94.70417333,v3.10,IDF_v3.10_2020_03_27_MB/idf_v-3.10_2020_03_27_506_MB_5060999_GILLAM.txt
5061376,ISLAND LAKE A,MB,53.85,-94.65,v3.10,IDF_v3.10_2020_03_27_MB/idf_v-3.10_2020_03_27_506_MB_5061376_ISLAND_LAKE_A.txt
5061646,LYNN LAKE A,MB,56.86388889,-101.0761111,v3.10,IDF_v3.10_2020_03_27_MB/idf_v-3.10_2020_03_27_506_MB_5061646_LYNN_LAKE_A.txt
5062921,THOMPSON A,MB,55.80472222,-97.8625,v3.10,IDF_v3.10_2020_03_27_MB/idf_v-3.10_2020_03_27_506_MB_5062921_THOMPSON_A.txt
506B0M7,NORWAY HOUSE FORESTRY,MB,54.0,-97.8,v3.10,IDF_v3.10_2020_03_27_MB/idf_v-3.10_2020_03_27_506_MB_506B0M7_NORWAY_HOUSE_FORESTRY.txt
8100467,BAS CARAQUET,NB,47.80222222,-64.83333333,v3.20,IDF_v-3.20_2021_03_26_NB/idf_v-3.20_2021_03_26_810_NB_8100467_BAS_CARAQUET.txt
8100512,BEECHWOOD,NB,46.53333333,-67.66666667,v3.20,IDF_v-3.20_2021_03_26_NB/idf_v-3.20_2021_03_26_810_NB_8100512_BEECHWOOD.txt
8100514,BELLEDUNE,NB,47.9,-65.83333333,v3.20,IDF_v-3.20_2021_03_26_NB/idf_v-3.20_2021_03_26_810_NB_8100514_BELLEDUNE.txt
8100593,BOUCTOUCHE CDA CS,NB,46.43027944,-64.76805806,v3.20,IDF_v-3.20_2021_03_26_NB/idf_v-3.20_2021_03_26_810_NB_8100593_BOUCTOUCHE_CDA_CS.txt
8100885,CHARLO AUTO,NB,47.99,-66.33416667,v3.20,IDF_v-3.20_2021_03_26_NB/idf_v-3.20_2021_03_26_810_NB_8100885_CHARLO_AUTO.txt
8100989,MIRAMICHI RCS,NB,47.00944444,-65.465,v3.20,IDF_v-3.20_2021_03_26_NB/idf_v-3.20_2021_03_26_810_NB_8100989_MIRAMICHI_RCS.txt
8101303,EDMUNDSTON,NB,47.41666667,-68.32445556,v3.20,IDF_v-3.20_2021_03_26_NB/idf_v-3.20_2021_03_26_810_NB_8101303_EDMUNDSTON.txt
8101500,FREDERICTON A,NB,45.87213056,-66.52789167,v3.20,IDF_v-3.20_2021_03_26_NB/idf_v-3.20_2021_03_26_810_NB_8101500_FREDERICTON_A.txt
8101605,FREDERICTON CDA CS,NB,45.92027778,-66.60889167,v3.20,IDF_v-3.20_2021_03_26_NB/idf_v-3.20_2021_03_26_810_NB_8101605_FREDERICTON_CDA_CS.txt
8101925,GRAND MANAN SAR CS,NB,44.71205556,-66.80191667,v3.20,IDF_v-3.20_2021_03_26_NB/idf_v-3.20_2021_03_26_810_NB_8101925_GRAND_MANAN_SAR_CS.txt
8102848,MECHANIC SETTLEMENT,NB,45.69362222,-65.16501111,v3.20,IDF_v-3.20_2021_03_26_NB/idf_v-3.20_2021_03_26_810_NB_8102848_MECHANIC_SETTLEMENT.txt
8103050,MISCOU ISLAND (AUT),NB,48.00888944,-64.49416889,v3.20,IDF_v-3.20_2021_03_26_NB/idf_v-3.20_2021_03_26_810_NB_8103050_MISCOU_ISLAND_(AUT).txt
8103201,MONCTON INTL A,NB,46.11222222,-64.67861111,v3.20,IDF_v-3.20_2021_03_26_NB/idf_v-3.20_2021_03_26_810_NB_8103201_MONCTON_INTL_A.txt
8104201,POINT LEPREAU CS*,NB,45.07306667,-66.44919167,v3.20,IDF_v-3.20_2021_03_26_NB/idf_v-3.20_2021_03_26_810_NB_8104201_POINT_LEPREAU_CS.txt
8104480,ROYAL ROAD,NB,46.05,-66.71666667,v3.20,IDF_v-3.20_2021_03_26_NB/idf_v-3.20_2021_03_26_810_NB_8104480_ROYAL_ROAD.txt
8104482,ROYAL ROAD WEST,NB,46.08333333,-66.73333333,v3.20,IDF_v-3.20_2021_03_26_NB/idf_v-3.20_2021_03_26_810_NB_8104482_ROYAL_ROAD_WEST.txt
8104800,SAINT JOHN,NB,45.28333333,-66.08333333,v3.20,IDF_v-3.20_2021_03_26_NB/idf_v-3.20_2021_03_26_810_NB_8104800_SAINT_JOHN.txt
8104900,SAINT JOHN A,NB,45.31805556,-65.88556944,v3.20,IDF_v-3.20_2021_03_26_NB/idf_v-3.20_2021_03_26_810_NB_8104900_SAINT_JOHN_A.txt
8104935,ST. STEPHEN,NB,45.21016667,-67.25286111,v3.20,IDF_v-3.20_2021_03_26_NB/idf_v-3.20_2021_03_26_810_NB_8104935_ST._STEPHEN.txt
8105100,SUMMIT DEPOT,NB,47.78333333,-68.33333333,v3.20,IDF_v-3.20_2021_03_26_NB/idf_v-3.20_2021_03_26_810_NB_8105100_SUMMIT_DEPOT.txt
810I001,ST LEONARD CS,NB,47.15779167,-67.83194833,v3.20,IDF_v-3.20_2021_03_26_NB/idf_v-3.20_2021_03_26_810_NB_810I001_ST_LEONARD_CS.txt
8400104,ARGENTIA (AUT),NL,47.29388889,-53.99333333,v3.20,IDF_v-3.20_2021_03_26_NL/idf_v-3.20_2021_03_26_840_NL_8400104_ARGENTIA_(AUT).txt
8400301,BADGER (AUT),NL,48.96666667,-56.06666667,v3.20,IDF_v-3.20_2021_03_26_NL/idf_v-3.20_2021_03_26_840_NL_8400301_BADGER_(AUT).txt
8400601,BONAVISTA,NL,48.66722222,-53.11416667,v3.20,IDF_v-3.20_2021_03_26_NL/idf_v-3.20_2021_03_26_840_NL_8400601_BONAVISTA.txt
8400801,BURGEO NL,NL,47.61666667,-57.61666667,v3.20,IDF_v-3.20_2021_03_26_NL/idf_v-3.20_2021_03_26_840_NL_8400801_BURGEO_NL.txt
8401259,COMFORT COVE,NL,49.26666667,-54.88333333,v3.20,IDF_v-3.20_2021_03_26_NL/idf_v-3.20_2021_03_26_840_NL_8401259_COMFORT_COVE.txt
8401400,DANIELS HARBOUR,NL,50.23638889,-57.58111111,v3.20,IDF_v-3.20_2021_03_26_NL/idf_v-3.20_2021_03_26_840_NL_8401400_DANIELS_HARBOUR.txt
8401501,DEER LAKE A,NL,49.21666667,-57.4,v3.20,IDF_v-3.20_2021_03_26_NL/idf_v-3.20_2021_03_26_840_NL_8401501_DEER_LAKE_A.txt
8401538,ENGLEE (AUT)*,NL,50.72111111,-56.11277778,v3.20,IDF_v-3.20_2021_03_26_NL/idf_v-3.20_2021_03_26_840_NL_8401538_ENGLEE_(AUT).txt
8401705,GANDER AIRPORT CS,NL,48.94611111,-54.56694444,v3.20,IDF_v-3.20_2021_03_26_NL/idf_v-3.20_2021_03_26_840_NL_8401705_GANDER_AIRPORT_CS.txt
8402520,LA SCIE,NL,49.91666667,-55.66666667,v3.20,IDF_v-3.20_2021_03_26_NL/idf_v-3.20_2021_03_26_840_NL_8402520_LA_SCIE.txt
8402975,PORT AUX BASQUES,NL,47.57388889,-59.15472222,v3.20,IDF_v-3.20_2021_03_26_NL/idf_v-3.20_2021_03_26_840_NL_8402975_PORT_AUX_BASQUES.txt
8403290,ST ALBANS,NL,47.86666667,-55.85,v3.20,IDF_v-3.20_2021_03_26_NL/idf_v-3.20_2021_03_26_840_NL_8403290_ST_ALBANS.txt
8403401,ST ANTHONY,NL,51.36666667,-55.6,v3.20,IDF_v-3.20_2021_03_26_NL/idf_v-3.20_2021_03_26_840_NL_8403401_ST_ANTHONY.txt
8403506,ST JOHN'S A,NL,47.62222222,-52.74277778,v3.20,IDF_v-3.20_2021_03_26_NL/idf_v-3.20_2021_03_26_840_NL_8403506_ST_JOHN_S_A.txt
8403619,ST LAWRENCE,NL,46.91666667,-55.38333333,v3.20,IDF_v-3.20_2021_03_26_NL/idf_v-3.20_2021_03_26_840_NL_8403619_ST_LAWRENCE.txt
8403820,STEPHENVILLE RCS,NL,48.56138889,-58.56611111,v3.20,IDF_v-3.20_2021_03_26_NL/idf_v-3.20_2021_03_26_840_NL_8403820_STEPHENVILLE_RCS.txt
8403851,TERRA NOVA NAT PARK CS,NL,48.55694444,-53.97444444,v3.20,IDF_v-3.20_2021_03_26_NL/idf_v-3.20_2021_03_26_840_NL_8403851_TERRA_NOVA_NAT_PARK_CS.txt
8404025,TWILLINGATE (AUT),NL,49.68333333,-54.8,v3.20,IDF_v-3.20_2021_03_26_NL/idf_v-3.20_2021_03_26_840_NL_8404025_TWILLINGATE_(AUT).txt
8500398,BATTLE HARBOUR LOR,NL,52.25,-55.6,v3.20,IDF_v-3.20_2021_03_26_NL/idf_v-3.20_2021_03_26_850_NL_8500398_BATTLE_HARBOUR_LOR.txt
8501132,CHURCHILL FALLS A,NL,53.55,-64.1,v3.20,IDF_v-3.20_2021_03_26_NL/idf_v-3.20_2021_03_26_850_NL_8501132_CHURCHILL_FALLS_A.txt
8501900,GOOSE A,NL,53.31666667,-60.41666667,v3.20,IDF_v-3.20_2021_03_26_NL/idf_v-3.20_2021_03_26_850_NL_8501900_GOOSE_A.txt
8502400,HOPEDALE (AUT),NL,55.45,-60.21666667,v3.20,IDF_v-3.20_2021_03_26_NL/idf_v-3.20_2021_03_26_850_NL_8502400_HOPEDALE_(AUT).txt
8502591,MARY'S HARBOUR A,NL,52.30361111,-55.83361111,v3.20,IDF_v-3.20_2021_03_26_NL/idf_v-3.20_2021_03_26_850_NL_8502591_MARY_S_HARBOUR_A.txt
8502799,NAIN,NL,56.55,-61.68333333,v3.20,IDF_v-3.20_2021_03_26_NL/idf_v-3.20_2021_03_26_850_NL_8502799_NAIN.txt
8504175,WABUSH LAKE A,NL,52.92722222,-66.87416667,v3.20,IDF_v-3.20_2021_03_26_NL/idf_v-3.20_2021_03_26_850_NL_8504175_WABUSH_LAKE_A.txt
8200774,CARIBOU POINT (AUT),NS,45.76666667,-62.68333333,v3.00,IDF_v3.00_2019_02_27_NS/idf_v3-00_2019_02_27_820_NS_8200774_CARIBOU_POINT_(AUT).txt
8201716,EDDY POINT,NS,45.51666667,-61.25,v3.00,IDF_v3.00_2019_02_27_NS/idf_v3-00_2019_02_27_820_NS_8201716_EDDY_POINT.txt
8202000,GREENWOOD A,NS,44.98333333,-64.91666667,v3.00,IDF_v3.00_2019_02_27_NS/idf_v3-00_2019_02_27_820_NS_8202000_GREENWOOD_A.txt
8202200,HALIFAX,NS,44.65,-63.56666667,v3.00,IDF_v3.00_2019_02_27_NS/idf_v3-00_2019_02_27_820_NS_8202200_HALIFAX.txt
8202251,HALIFAX INTL A,NS,44.88111111,-63.50861111,v3.00,IDF_v3.00_2019_02_27_NS/idf_v3-00_2019_02_27_820_NS_8202251_HALIFAX_INTL_A.txt
8202500,INGONISH BEACH,NS,46.65,-60.4,v3.00,IDF_v3.00_2019_02_27_NS/idf_v3-00_2019_02_27_820_NS_8202500_INGONISH_BEACH.txt
8202810,KENTVILLE CDA CS,NS,45.06666667,-64.48333333,v3.00,IDF_v3.00_2019_02_27_NS/idf_v3-00_2019_02_27_820_NS_8202810_KENTVILLE_CDA_CS.txt
8203702,NAPPAN AUTO,NS,45.75955556,-64.24144444,v3.00,IDF_v3.00_2019_02_27_NS/idf_v3-00_2019_02_27_820_NS_8203702_NAPPAN_AUTO.txt
8204700,SABLE ISLAND,NS,43.93222222,-60.00944444,v3.00,IDF_v3.00_2019_02_27_NS/idf_v3-00_2019_02_27_820_NS_8204700_SABLE_ISLAND.txt
8205085,SHARPE BROOK IHD,NS,45.01666667,-64.63333333,v3.00,IDF_v3.00_2019_02_27_NS/idf_v3-00_2019_02_27_820_NS_8205085_SHARPE_BROOK_IHD.txt
8205092,SHEARWATER RCS,NS,44.62972222,-63.51333333,v3.00,IDF_v3.00_2019_02_27_NS/idf_v3-00_2019_02_27_820_NS_8205092_SHEARWATER_RCS.txt
8205126,SHELBURNE,NS,43.71666667,-65.25,v3.00,IDF_v3.00_2019_02_27_NS/idf_v3-00_2019_02_27_820_NS_8205126_SHELBURNE.txt
8205702,SYDNEY CS,NS,46.16333333,-60.04166667,v3.00,IDF_v3.00_2019_02_27_NS/idf_v3-00_2019_02_27_820_NS_8205702_SYDNEY_CS.txt
8205990,TRURO,NS,45.36666667,-63.26666667,v3.00,IDF_v3.00_2019_02_27_NS/idf_v3-00_2019_02_27_820_NS_8205990_TRURO.txt
8206240,WESTERN HEAD,NS,43.99001944,-64.66416889,v3.00,IDF_v3.00_2019_02_27_NS/idf_v3-00_2019_02_27_820_NS_8206240_WESTERN_HEAD.txt
8206495,YARMOUTH A,NS,43.82694444,-66.08805556,v3.00,IDF_v3.00_2019_02_27_NS/idf_v3-00_2019_02_27_820_NS_8206495_YARMOUTH_A.txt
2201903,FORT RELIANCE (AUT),NT,62.71138889,-109.1683333,v3.20,IDF_v-3.20_2021_03_26_NT/idf_v-3.20_2021_03_26_220_NT_2201903_FORT_RELIANCE_(AUT).txt
2202102,FORT SIMPSON CLIMATE,NT,61.76027778,-121.2366667,v3.20,IDF_v-3.20_2021_03_26_NT/idf_v-3.20_2021_03_26_220_NT_2202102_FORT_SIMPSON_CLIMATE.txt
2202202,FORT SMITH CLIMATE,NT,60.02611111,-111.9294444,v3.20,IDF_v-3.20_2021_03_26_NT/idf_v-3.20_2021_03_26_220_NT_2202202_FORT_SMITH_CLIMATE.txt
2202401,HAY RIVER A,NT,60.83972222,-115.7827778,v3.20,IDF_v-3.20_2021_03_26_NT/idf_v-3.20_2021_03_26_220_NT_2202401_HAY_RIVER_A.txt
2202402,HAY RIVER CLIMATE,NT,60.83888889,-115.7766667,v3.20,IDF_v-3.20_2021_03_26_NT/idf_v-3.20_2021_03_26_220_NT_2202402_HAY_RIVER_CLIMATE.txt
2202578,INUVIK CLIMATE,NT,68.31666667,-133.5166667,v3.20,IDF_v-3.20_2021_03_26_NT/idf_v-3.20_2021_03_26_220_NT_2202578_INUVIK_CLIMATE.txt
2202810,NORMAN WELLS CLIMATE,NT,65.287525,-126.7533567,v3.20,IDF_v-3.20_2021_03_26_NT/idf_v-3.20_2021_03_26_220_NT_2202810_NORMAN_WELLS_CLIMATE.txt
2203058,PAULATUK,NT,69.35777889,-124.0825014,v3.20,IDF_v-3.20_2021_03_26_NT/idf_v-3.20_2021_03_26_220_NT_2203058_PAULATUK.txt
2203922,TUNGSTEN,NT,61.95,-128.25,v3.20,IDF_v-3.20_2021_03_26_NT/idf_v-3.20_2021_03_26_220_NT_2203922_TUNGSTEN.txt
2204100,YELLOWKNIFE A,NT,62.46277778,-114.4402778,v3.20,IDF_v-3.20_2021_03_26_NT/idf_v-3.20_2021_03_26_220_NT_2204100_YELLOWKNIFE_A.txt
2502505,HOLMAN CS,NT,70.76138944,-117.8000006,v3.20,IDF_v-3.20_2021_03_26_NT/idf_v-3.20_2021_03_26_250_NT_2502505_HOLMAN_CS.txt
2503648,SACHS HARBOUR CLIMATE,NT,71.9925,-125.2541667,v3.20,IDF_v-3.20_2021_03_26_NT/idf_v-3.20_2021_03_26_250_NT_2503648_SACHS_HARBOUR_CLIMATE.txt
2300501,BAKER LAKE CLIMATE,NU,64.31666667,-96.0,v3.20,IDF_v-3.20_2021_03_26_NU/idf_v-3.20_2021_03_26_230_NU_2300501_BAKER_LAKE_CLIMATE.txt
2300904,KUGLUKTUK CLIMATE,NU,67.81722333,-115.1352778,v3.20,IDF_v-3.20_2021_03_26_NU/idf_v-3.20_2021_03_26_230_NU_2300904_KUGLUKTUK_CLIMATE.txt
2301010,CORAL HARBOUR RCS,NU,64.18333333,-83.35,v3.20,IDF_v-3.20_2021_03_26_NU/idf_v-3.20_2021_03_26_230_NU_2301010_CORAL_HARBOUR_RCS.txt
2301153,ARVIAT CLIMATE,NU,61.1,-94.06666667,v3.20,IDF_v-3.20_2021_03_26_NU/idf_v-3.20_2021_03_26_230_NU_2301153_ARVIAT_CLIMATE.txt
2302340,GJOA HAVEN CLIMATE,NU,68.63555556,-95.85027778,v3.20,IDF_v-3.20_2021_03_26_NU/idf_v-3.20_2021_03_26_230_NU_2302340_GJOA_HAVEN_CLIMATE.txt
2303094,KUGAARUK CLIMATE,NU,68.53751667,-89.79639444,v3.20,IDF_v-3.20_2021_03_26_NU/idf_v-3.20_2021_03_26_230_NU_2303094_KUGAARUK_CLIMATE.txt
2303401,RANKIN INLET A,NU,62.81666667,-92.11666667,v3.20,IDF_v-3.20_2021_03_26_NU/idf_v-3.20_2021_03_26_230_NU_2303401_RANKIN_INLET_A.txt
2400602,CAMBRIDGE BAY GSN,NU,69.10805556,-105.1383333,v3.20,IDF_v-3.20_2021_03_26_NU/idf_v-3.20_2021_03_26_240_NU_2400602_CAMBRIDGE_BAY_GSN.txt
2400636,CAPE DORSET CLIMATE,NU,64.23075,-76.53044444,v3.20,IDF_v-3.20_2021_03_26_NU/idf_v-3.20_2021_03_26_240_NU_2400636_CAPE_DORSET_CLIMATE.txt
2400802,CLYDE RIVER CLIMATE,NU,70.48333333,-68.51666667,v3.20,IDF_v-3.20_2021_03_26_NU/idf_v-3.20_2021_03_26_240_NU_2400802_CLYDE_RIVER_CLIMATE.txt
2402353,HALL BEACH CLIMATE,NU,68.77611111,-81.24361111,v3.20,IDF_v-3.20_2021_03_26_NU/idf_v-3.20_2021_03_26_240_NU_2402353_HALL_BEACH_CLIMATE.txt
2402592,IQALUIT CLIMATE,NU,63.74722222,-68.54444444,v3.20,IDF_v-3.20_2021_03_26_NU/idf_v-3.20_2021_03_26_240_NU_2402592_IQALUIT_CLIMATE.txt
2403049,PANGNIRTUNG,NU,66.14341667,-65.71125,v3.20,IDF_v-3.20_2021_03_26_NU/idf_v-3.20_2021_03_26_240_NU_2403049_PANGNIRTUNG.txt
2403204,POND INLET CLIMATE,NU,72.69333333,-77.9575,v3.20,IDF_v-3.20_2021_03_26_NU/idf_v-3.20_2021_03_26_240_NU_2403204_POND_INLET_CLIMATE.txt
6010738,BIG TROUT LAKE,ON,53.83333333,-89.86666667,v3.20,IDF_v-3.20_2021_03_26_ON/idf_v-3.20_2021_03_26_601_ON_6010738_BIG_TROUT_LAKE.txt
6012199,EAR FALLS (AUT),ON,50.63055556,-93.22138889,v3.20,IDF_v-3.20_2021_03_26_ON/idf_v-3.20_2021_03_26_601_ON_6012199_EAR_FALLS_(AUT).txt
6014353,LANSDOWNE HOUSE (AUT),ON,52.19611111,-87.93611111,v3.20,IDF_v-3.20_2021_03_26_ON/idf_v-3.20_2021_03_26_601_ON_6014353_LANSDOWNE_HOUSE_(AUT).txt
6016295,PEAWANUCK (AUT),ON,54.98333333,-85.43333333,v3.20,IDF_v-3.20_2021_03_26_ON/idf_v-3.20_2021_03_26_601_ON_6016295_PEAWANUCK_(AUT).txt
6016525,PICKLE LAKE (AUT),ON,51.44916694,-90.21777972,v3.20,IDF_v-3.20_2021_03_26_ON/idf_v-3.20_2021_03_26_601_ON_6016525_PICKLE_LAKE_(AUT).txt
6016975,RED LAKE A,ON,51.06694444,-93.79305556,v3.20,IDF_v-3.20_2021_03_26_ON/idf_v-3.20_2021_03_26_601_ON_6016975_RED_LAKE_A.txt
6020LPQ,ATIKOKAN (AUT),ON,48.76111111,-91.62805556,v3.20,IDF_v-3.20_2021_03_26_ON/idf_v-3.20_2021_03_26_602_ON_6020LPQ_ATIKOKAN_(AUT).txt
6022474,FORT FRANCES RCS,ON,48.65111111,-93.43888944,v3.20,IDF_v-3.20_2021_03_26_ON/idf_v-3.20_2021_03_26_602_ON_6022474_FORT_FRANCES_RCS.txt
6034073,KENORA RCS,ON,49.79055556,-94.37777778,v3.20,IDF_v-3.20_2021_03_26_ON/idf_v-3.20_2021_03_26_603_ON_6034073_KENORA_RCS.txt
6036907,RAWSON LAKE (AUT),ON,49.66416694,-93.73277833,v3.20,IDF_v-3.20_2021_03_26_ON/idf_v-3.20_2021_03_26_603_ON_6036907_RAWSON_LAKE_(AUT).txt
6037775,SIOUX LOOKOUT A,ON,50.11666667,-91.9,v3.20,IDF_v-3.20_2021_03_26_ON/idf_v-3.20_2021_03_26_603_ON_6037775_SIOUX_LOOKOUT_A.txt
6040325,ARMSTRONG (AUT),ON,50.29361111,-88.90527778,v3.20,IDF_v-3.20_2021_03_26_ON/idf_v-3.20_2021_03_26_604_ON_6040325_ARMSTRONG_(AUT).txt
6041110,CAMERON FALLS (AUT),ON,49.15388889,-88.34472222,v3.20,IDF_v-3.20_2021_03_26_ON/idf_v-3.20_2021_03_26_604_ON_6041110_CAMERON_FALLS_(AUT).txt
6041221,CARIBOU ISLAND,ON,47.33333333,-85.83333333,v3.20,IDF_v-3.20_2021_03_26_ON/idf_v-3.20_2021_03_26_604_ON_6041221_CARIBOU_ISLAND.txt
6042716,GERALDTON A,ON,49.78280278,-86.93056944,v3.20,IDF_v-3.20_2021_03_26_ON/idf_v-3.20_2021_03_26_604_ON_6042716_GERALDTON_A.txt
6046770,PUKASKWA NATL PARK,ON,48.6,-86.3,v3.20,IDF_v-3.20_2021_03_26_ON/idf_v-3.20_2021_03_26_604_ON_6046770_PUKASKWA_NATL_PARK.txt
6047810,SLATE ISLAND,ON,48.62111111,-86.99583333,v3.20,IDF_v-3.20_2021_03_26_ON/idf_v-3.20_2021_03_26_604_ON_6047810_SLATE_ISLAND.txt
6048268,THUNDER BAY CS,ON,48.36944444,-89.32722222,v3.20,IDF_v-3.20_2021_03_26_ON/idf_v-3.20_2021_03_26_604_ON_6048268_THUNDER_BAY_CS.txt
6049095,UPSALA (AUT),ON,49.03333333,-90.46666667,v3.20,IDF_v-3.20_2021_03_26_ON/idf_v-3.20_2021_03_26_604_ON_6049095_UPSALA_(AUT).txt
6052259,ELLIOT LAKE A,ON,46.35138889,-82.56138889,v3.20,IDF_v-3.20_2021_03_26_ON/idf_v-3.20_2021_03_26_605_ON_6052259_ELLIOT_LAKE_A.txt
6055210,MISSISSAGI ONT HYDRO,ON,46.43333333,-83.38333333,v3.20,IDF_v-3.20_2021_03_26_ON/idf_v-3.20_2021_03_26_605_ON_6055210_MISSISSAGI_ONT_HYDRO.txt
6056907,RAYNER,ON,46.33333333,-83.5,v3.20,IDF_v-3.20_2021_03_26_ON/idf_v-3.20_2021_03_26_605_ON_6056907_RAYNER.txt
6057592,SAULT STE MARIE A,ON,46.48333333,-84.50944444,v3.20,IDF_v-3.20_2021_03_26_ON/idf_v-3.20_2021_03_26_605_ON_6057592_SAULT_STE_MARIE_A.txt
6059408,WAWA (AUT),ON,47.96666667,-84.78333333,v3.20,IDF_v-3.20_2021_03_26_ON/idf_v-3.20_2021_03_26_605_ON_6059408_WAWA_(AUT).txt
6059475,WHITE RIVER,ON,48.6,-85.28333333,v3.20,IDF_v-3.20_2021_03_26_ON/idf_v-3.20_2021_03_26_605_ON_6059475_WHITE_RIVER.txt
6061361,CHAPLEAU A,ON,47.82,-83.34666667,v3.20,IDF_v-3.20_2021_03_26_ON/idf_v-3.20_2021_03_26_606_ON_6061361_CHAPLEAU_A.txt
6068145,SUDBURY CLIMATE,ON,46.632247219999996,-80.79613333,v3.20,IDF_v-3.20_2021_03_26_ON/idf_v-3.20_2021_03_26_606_ON_6068145_SUDBURY_CLIMATE.txt
6068158,SUDBURY SCIENCE NORTH,ON,46.46666667,-81.0,v3.20,IDF_v-3.20_2021_03_26_ON/idf_v-3.20_2021_03_26_606_ON_6068158_SUDBURY_SCIENCE_NORTH.txt
6072230,EARLTON CLIMATE,ON,47.695,-79.84888889,v3.20,IDF_v-3.20_2021_03_26_ON/idf_v-3.20_2021_03_26_607_ON_6072230_EARLTON_CLIMATE.txt
6073980,KAPUSKASING CDA ON,ON,49.40638889,-82.44361111,v3.20,IDF_v-3.20_2021_03_26_ON/idf_v-3.20_2021_03_26_607_ON_6073980_KAPUSKASING_CDA_ON.txt
6074211,KIRKLAND LAKE CS,ON,48.15,-80.0,v3.20,IDF_v-3.20_2021_03_26_ON/idf_v-3.20_2021_03_26_607_ON_6074211_KIRKLAND_LAKE_CS.txt
6075435,MOOSONEE RCS,ON,51.29166667,-80.61805556,v3.20,IDF_v-3.20_2021_03_26_ON/idf_v-3.20_2021_03_26_607_ON_6075435_MOOSONEE_RCS.txt
6075543,NAGAGAMI (AUT),ON,49.74683333,-84.16369444,v3.20,IDF_v-3.20_2021_03_26_ON/idf_v-3.20_2021_03_26_607_ON_6075543_NAGAGAMI_(AUT).txt
6076540,PINARD,ON,49.85,-81.6,v3.20,IDF_v-3.20_2021_03_26_ON/idf_v-3.20_2021_03_26_607_ON_6076540_PINARD.txt
6078282,TIMMINS CLIMATE,ON,48.55722222,-81.39027778,v3.20,IDF_v-3.20_2021_03_26_ON/idf_v-3.20_2021_03_26_607_ON_6078282_TIMMINS_CLIMATE.txt
6079068,UPPER NOTCH,ON,47.25,-79.58333333,v3.20,IDF_v-3.20_2021_03_26_ON/idf_v-3.20_2021_03_26_607_ON_6079068_UPPER_NOTCH.txt
6080192,ALGONQUIN PARK EAST GATE,ON,45.53333333,-78.26666667,v3.20,IDF_v-3.20_2021_03_26_ON/idf_v-3.20_2021_03_26_608_ON_6080192_ALGONQUIN_PARK_EAST_GATE.txt
6084278,LA CAVE,ON,46.36666667,-78.73333333,v3.20,IDF_v-3.20_2021_03_26_ON/idf_v-3.20_2021_03_26_608_ON_6084278_LA_CAVE.txt
6084307,LAKE TRAVERSE,ON,45.95,-78.06666667,v3.20,IDF_v-3.20_2021_03_26_ON/idf_v-3.20_2021_03_26_608_ON_6084307_LAKE_TRAVERSE.txt
6085700,NORTH BAY A,ON,46.36361111,-79.42277778,v3.20,IDF_v-3.20_2021_03_26_ON/idf_v-3.20_2021_03_26_608_ON_6085700_NORTH_BAY_A.txt
6093004,GREAT DUCK ISLAND,ON,45.65,-82.96666667,v3.20,IDF_v-3.20_2021_03_26_ON/idf_v-3.20_2021_03_26_609_ON_6093004_GREAT_DUCK_ISLAND.txt
6100285,APPLETON,ON,45.18584,-76.112805,v3.20,IDF_v-3.20_2021_03_26_ON/idf_v-3.20_2021_03_26_610_ON_6100285_APPLETON.txt
6100493,BARK LAKE DAM,ON,45.41666667,-77.8,v3.20,IDF_v-3.20_2021_03_26_ON/idf_v-3.20_2021_03_26_610_ON_6100493_BARK_LAKE_DAM.txt
6100970,BROCKVILLE CLIMATE,ON,44.63527778,-75.74833333,v3.20,IDF_v-3.20_2021_03_26_ON/idf_v-3.20_2021_03_26_610_ON_6100970_BROCKVILLE_CLIMATE.txt
6100971,BROCKVILLE PCC,ON,44.6,-75.66666667,v3.20,IDF_v-3.20_2021_03_26_ON/idf_v-3.20_2021_03_26_610_ON_6100971_BROCKVILLE_PCC.txt
6101820,COMBERMERE,ON,45.36666667,-77.61666667,v3.20,IDF_v-3.20_2021_03_26_ON/idf_v-3.20_2021_03_26_610_ON_6101820_COMBERMERE.txt
6101874,CORNWALL,ON,45.01557833,-74.7489,v3.20,IDF_v-3.20_2021_03_26_ON/idf_v-3.20_2021_03_26_610_ON_6101874_CORNWALL.txt
6101901,CORNWALL ONT HYDRO,ON,45.03333333,-74.8,v3.20,IDF_v-3.20_2021_03_26_ON/idf_v-3.20_2021_03_26_610_ON_6101901_CORNWALL_ONT_HYDRO.txt
6103024,GRENADIER ISLAND,ON,44.41666667,-75.85,v3.20,IDF_v-3.20_2021_03_26_ON/idf_v-3.20_2021_03_26_610_ON_6103024_GRENADIER_ISLAND.txt
6104027,KEMPTVILLE CS,ON,45.0,-75.63333333,v3.20,IDF_v-3.20_2021_03_26_ON/idf_v-3.20_2021_03_26_610_ON_6104027_KEMPTVILLE_CS.txt
6104142,KINGSTON CLIMATE,ON,44.22333333,-76.59944444,v3.20,IDF_v-3.20_2021_03_26_ON/idf_v-3.20_2021_03_26_610_ON_6104142_KINGSTON_CLIMATE.txt
6104175,KINGSTON PUMPING STATION,ON,44.24390333,-76.48056667,v3.20,IDF_v-3.20_2021_03_26_ON/idf_v-3.20_2021_03_26_610_ON_6104175_KINGSTON_PUMPING_STATION.txt
6105978,OTTAWA CDA RCS,ON,45.38333333,-75.71666667,v3.20,IDF_v-3.20_2021_03_26_ON/idf_v-3.20_2021_03_26_610_ON_6105978_OTTAWA_CDA_RCS.txt
6106000,OTTAWA MACDONALD-CARTIER INT'L A,ON,45.3225,-75.66916667,v3.20,IDF_v-3.20_2021_03_26_ON/idf_v-3.20_2021_03_26_610_ON_6106000_OTTAWA_MACDONALD-CARTIER_INT_L_A.txt
6106367,PEMBROKE CLIMATE,ON,45.86027778,-77.25222222,v3.20,IDF_v-3.20_2021_03_26_ON/idf_v-3.20_2021_03_26_610_ON_6106367_PEMBROKE_CLIMATE.txt
6106400,PETAWAWA NAT FORESTRY,ON,45.98333333,-77.43333333,v3.20,IDF_v-3.20_2021_03_26_ON/idf_v-3.20_2021_03_26_610_ON_6106400_PETAWAWA_NAT_FORESTRY.txt
6107836,SMITHS FALLS TS,ON,44.88333333,-76.0,v3.20,IDF_v-3.20_2021_03_26_ON/idf_v-3.20_2021_03_26_610_ON_6107836_SMITHS_FALLS_TS.txt
6110557,BARRIE WPCC,ON,44.37583667,-79.689725,v3.20,IDF_v-3.20_2021_03_26_ON/idf_v-3.20_2021_03_26_611_ON_6110557_BARRIE_WPCC.txt
6110607,BEATRICE CLIMATE,ON,45.14027778,-79.40277778,v3.20,IDF_v-3.20_2021_03_26_ON/idf_v-3.20_2021_03_26_611_ON_6110607_BEATRICE_CLIMATE.txt
6110617,BEAUSOLEIL,ON,44.85,-79.86666667,v3.20,IDF_v-3.20_2021_03_26_ON/idf_v-3.20_2021_03_26_611_ON_6110617_BEAUSOLEIL.txt
6111792,COLLINGWOOD,ON,44.5,-80.21666667,v3.20,IDF_v-3.20_2021_03_26_ON/idf_v-3.20_2021_03_26_611_ON_6111792_COLLINGWOOD.txt
6112072,DORSET MOE,ON,45.21666667,-78.93333333,v3.20,IDF_v-3.20_2021_03_26_ON/idf_v-3.20_2021_03_26_611_ON_6112072_DORSET_MOE.txt
6115525,MUSKOKA A,ON,44.96666667,-79.3,v3.20,IDF_v-3.20_2021_03_26_ON/idf_v-3.20_2021_03_26_611_ON_6115525_MUSKOKA_A.txt
6115811,ORILLIA BRAIN,ON,44.60277778,-79.43888889,v3.20,IDF_v-3.20_2021_03_26_ON/idf_v-3.20_2021_03_26_611_ON_6115811_ORILLIA_BRAIN.txt
6116132,OWEN SOUND MOE,ON,44.58333333,-80.93333333,v3.20,IDF_v-3.20_2021_03_26_ON/idf_v-3.20_2021_03_26_611_ON_6116132_OWEN_SOUND_MOE.txt
6116257,PARRY SOUND CCG,ON,45.34416667,-80.04416667,v3.20,IDF_v-3.20_2021_03_26_ON/idf_v-3.20_2021_03_26_611_ON_6116257_PARRY_SOUND_CCG.txt
6116843,RAGGED RAPIDS,ON,45.01666667,-79.68333333,v3.20,IDF_v-3.20_2021_03_26_ON/idf_v-3.20_2021_03_26_611_ON_6116843_RAGGED_RAPIDS.txt
6117700,BARRIE-ORO,ON,44.48333333,-79.55,v3.20,IDF_v-3.20_2021_03_26_ON/idf_v-3.20_2021_03_26_611_ON_6117700_BARRIE-ORO.txt
6119115,UTTERSON ONT HYDRO,ON,45.2,-79.35,v3.20,IDF_v-3.20_2021_03_26_ON/idf_v-3.20_2021_03_26_611_ON_6119115_UTTERSON_ONT_HYDRO.txt
6119500,WIARTON A,ON,44.74583333,-81.10722222,v3.20,IDF_v-3.20_2021_03_26_ON/idf_v-3.20_2021_03_26_611_ON_6119500_WIARTON_A.txt
611E001,EGBERT CS,ON,44.23333333,-79.78333333,v3.20,IDF_v-3.20_2021_03_26_ON/idf_v-3.20_2021_03_26_611_ON_611E001_EGBERT_CS.txt
6121912,COVE ISLAND,ON,45.33333333,-81.73333333,v3.20,IDF_v-3.20_2021_03_26_ON/idf_v-3.20_2021_03_26_612_ON_6121912_COVE_ISLAND.txt
6122847,GODERICH,ON,43.76666667,-81.71666667,v3.20,IDF_v-3.20_2021_03_26_ON/idf_v-3.20_2021_03_26_612_ON_6122847_GODERICH.txt
6127519,SARNIA CLIMATE,ON,43.0,-82.3,v3.20,IDF_v-3.20_2021_03_26_ON/idf_v-3.20_2021_03_26_612_ON_6127519_SARNIA_CLIMATE.txt
6128330,TOBERMORY RCS,ON,45.23333333,-81.63333333,v3.20,IDF_v-3.20_2021_03_26_ON/idf_v-3.20_2021_03_26_612_ON_6128330_TOBERMORY_RCS.txt
6131415,CHATHAM WPCP,ON,42.39000667,-82.21528,v3.20,IDF_v-3.20_2021_03_26_ON/idf_v-3.20_2021_03_26_613_ON_6131415_CHATHAM_WPCP.txt
6131983,DELHI CS,ON,42.86666667,-80.55,v3.20,IDF_v-3.20_2021_03_26_ON/idf_v-3.20_2021_03_26_613_ON_6131983_DELHI_CS.txt
6133362,HARROW CDA AUTO,ON,42.03333333,-82.9,v3.20,IDF_v-3.20_2021_03_26_ON/idf_v-3.20_2021_03_26_613_ON_6133362_HARROW_CDA_AUTO.txt
6134610,LONG POINT,ON,42.55,-80.05,v3.20,IDF_v-3.20_2021_03_26_ON/idf_v-3.20_2021_03_26_613_ON_6134610_LONG_POINT.txt
6135638,NIAGARA FALLS,ON,43.13333333,-79.08333333,v3.20,IDF_v-3.20_2021_03_26_ON/idf_v-3.20_2021_03_26_613_ON_6135638_NIAGARA_FALLS.txt
6136699,PORT WELLER (AUT),ON,43.25,-79.21666667,v3.20,IDF_v-3.20_2021_03_26_ON/idf_v-3.20_2021_03_26_613_ON_6136699_PORT_WELLER_(AUT).txt
6137154,RIDGETOWN RCS,ON,42.45,-81.88333333,v3.20,IDF_v-3.20_2021_03_26_ON/idf_v-3.20_2021_03_26_613_ON_6137154_RIDGETOWN_RCS.txt
6137287,ST CATHARINES A,ON,43.2,-79.16666667,v3.20,IDF_v-3.20_2021_03_26_ON/idf_v-3.20_2021_03_26_613_ON_6137287_ST_CATHARINES_A.txt
6137362,ST THOMAS WPCP,ON,42.768335,-81.20501167,v3.20,IDF_v-3.20_2021_03_26_ON/idf_v-3.20_2021_03_26_613_ON_6137362_ST_THOMAS_WPCP.txt
6137730,SIMCOE,ON,42.85,-80.26666667,v3.20,IDF_v-3.20_2021_03_26_ON/idf_v-3.20_2021_03_26_613_ON_6137730_SIMCOE.txt
6139148,VINELAND STATION RCS,ON,43.18333333,-79.4,v3.20,IDF_v-3.20_2021_03_26_ON/idf_v-3.20_2021_03_26_613_ON_6139148_VINELAND_STATION_RCS.txt
6139449,WELLAND-PELHAM,ON,42.96666667,-79.33333333,v3.20,IDF_v-3.20_2021_03_26_ON/idf_v-3.20_2021_03_26_613_ON_6139449_WELLAND-PELHAM.txt
6139525,WINDSOR A,ON,42.27555556,-82.95555556,v3.20,IDF_v-3.20_2021_03_26_ON/idf_v-3.20_2021_03_26_613_ON_6139525_WINDSOR_A.txt
6139538,WINDSOR UNIVERSITY,ON,42.3,-83.06666667,v3.20,IDF_v-3.20_2021_03_26_ON/idf_v-3.20_2021_03_26_613_ON_6139538_WINDSOR_UNIVERSITY.txt
613F606,PORT COLBORNE (AUT),ON,42.86666667,-79.25,v3.20,IDF_v-3.20_2021_03_26_ON/idf_v-3.20_2021_03_26_613_ON_613F606_PORT_COLBORNE_(AUT).txt
613P001,POINT PELEE CS,ON,41.94861361,-82.51888944,v3.20,IDF_v-3.20_2021_03_26_ON/idf_v-3.20_2021_03_26_613_ON_613P001_POINT_PELEE_CS.txt
6140818,BLUE SPRINGS CREEK,ON,43.63333333,-80.11666667,v3.20,IDF_v-3.20_2021_03_26_ON/idf_v-3.20_2021_03_26_614_ON_6140818_BLUE_SPRINGS_CREEK.txt
6140942,BRANTFORD AIRPORT,ON,43.1375,-80.33138889,v3.20,IDF_v-3.20_2021_03_26_ON/idf_v-3.20_2021_03_26_614_ON_6140942_BRANTFORD_AIRPORT.txt
6141095,CAMBRIDGE GALT MOE,ON,43.33333333,-80.31666667,v3.20,IDF_v-3.20_2021_03_26_ON/idf_v-3.20_2021_03_26_614_ON_6141095_CAMBRIDGE_GALT_MOE.txt
6142286,ELORA RCS,ON,43.65,-80.41666667,v3.20,IDF_v-3.20_2021_03_26_ON/idf_v-3.20_2021_03_26_614_ON_6142286_ELORA_RCS.txt
6142400,FERGUS SHAND DAM,ON,43.73474667,-80.330305,v3.20,IDF_v-3.20_2021_03_26_ON/idf_v-3.20_2021_03_26_614_ON_6142400_FERGUS_SHAND_DAM.txt
6142803,GLEN ALLAN,ON,43.683905,-80.71030167,v3.20,IDF_v-3.20_2021_03_26_ON/idf_v-3.20_2021_03_26_614_ON_6142803_GLEN_ALLAN.txt
6142991,GRAND VALLEY WPCP,ON,43.88333333,-80.33333333,v3.20,IDF_v-3.20_2021_03_26_ON/idf_v-3.20_2021_03_26_614_ON_6142991_GRAND_VALLEY_WPCP.txt
6143087,GUELPH SMALLFIELD FARM,ON,43.53333333,-80.3,v3.20,IDF_v-3.20_2021_03_26_ON/idf_v-3.20_2021_03_26_614_ON_6143087_GUELPH_SMALLFIELD_FARM.txt
6143089,GUELPH TURFGRASS,ON,43.55,-80.21666667,v3.20,IDF_v-3.20_2021_03_26_ON/idf_v-3.20_2021_03_26_614_ON_6143089_GUELPH_TURFGRASS.txt
6144241,KITCHENER CITY ENG 2,ON,43.45,-80.48333333,v3.20,IDF_v-3.20_2021_03_26_ON/idf_v-3.20_2021_03_26_614_ON_6144241_KITCHENER_CITY_ENG_2.txt
6144478,LONDON CS,ON,43.03333333,-81.15,v3.20,IDF_v-3.20_2021_03_26_ON/idf_v-3.20_2021_03_26_614_ON_6144478_LONDON_CS.txt
6145504,MOUNT FOREST (AUT),ON,43.98333333,-80.75,v3.20,IDF_v-3.20_2021_03_26_ON/idf_v-3.20_2021_03_26_614_ON_6145504_MOUNT_FOREST_(AUT).txt
6146714,PRESTON WPCP,ON,43.38333333,-80.35,v3.20,IDF_v-3.20_2021_03_26_ON/idf_v-3.20_2021_03_26_614_ON_6146714_PRESTON_WPCP.txt
6146745,PROSPECT HILL,ON,43.21666667,-81.23333333,v3.20,IDF_v-3.20_2021_03_26_ON/idf_v-3.20_2021_03_26_614_ON_6146745_PROSPECT_HILL.txt
6148105,STRATFORD WWTP,ON,43.36889333,-81.00473833,v3.20,IDF_v-3.20_2021_03_26_ON/idf_v-3.20_2021_03_26_614_ON_6148105_STRATFORD_WWTP.txt
6149387,WATERLOO WELLINGTON A,ON,43.45,-80.38333333,v3.20,IDF_v-3.20_2021_03_26_ON/idf_v-3.20_2021_03_26_614_ON_6149387_WATERLOO_WELLINGTON_A.txt
6149625,WOODSTOCK,ON,43.13612333,-80.77056667,v3.20,IDF_v-3.20_2021_03_26_ON/idf_v-3.20_2021_03_26_614_ON_6149625_WOODSTOCK.txt
6150689,BELLEVILLE,ON,44.15057,-77.394735,v3.20,IDF_v-3.20_2021_03_26_ON/idf_v-3.20_2021_03_26_615_ON_6150689_BELLEVILLE.txt
6150830,BOWMANVILLE MOSTERT,ON,43.91666667,-78.66666667,v3.20,IDF_v-3.20_2021_03_26_ON/idf_v-3.20_2021_03_26_615_ON_6150830_BOWMANVILLE_MOSTERT.txt
6151042,BURKETON MCLAUGHLIN,ON,44.03333333,-78.8,v3.20,IDF_v-3.20_2021_03_26_ON/idf_v-3.20_2021_03_26_615_ON_6151042_BURKETON_MCLAUGHLIN.txt
6151059,BURLINGTON FIRE HQ'S,ON,43.35,-79.81666667,v3.20,IDF_v-3.20_2021_03_26_ON/idf_v-3.20_2021_03_26_615_ON_6151059_BURLINGTON_FIRE_HQ_S.txt
6151137,CAMPBELLFORD,ON,44.3,-77.8,v3.20,IDF_v-3.20_2021_03_26_ON/idf_v-3.20_2021_03_26_615_ON_6151137_CAMPBELLFORD.txt
6151684,COBOURG (AUT),ON,43.95,-78.16666667,v3.20,IDF_v-3.20_2021_03_26_ON/idf_v-3.20_2021_03_26_615_ON_6151684_COBOURG_(AUT).txt
6153020,GREENWOOD MTRCA,ON,43.9,-79.06666667,v3.20,IDF_v-3.20_2021_03_26_ON/idf_v-3.20_2021_03_26_615_ON_6153020_GREENWOOD_MTRCA.txt
6153194,HAMILTON A,ON,43.17168667,-79.93417667,v3.20,IDF_v-3.20_2021_03_26_ON/idf_v-3.20_2021_03_26_615_ON_6153194_HAMILTON_A.txt
6153301,HAMILTON RBG CS,ON,43.29166667,-79.90833333,v3.20,IDF_v-3.20_2021_03_26_ON/idf_v-3.20_2021_03_26_615_ON_6153301_HAMILTON_RBG_CS.txt
6153410,HEART LAKE,ON,43.73333333,-79.78333333,v3.20,IDF_v-3.20_2021_03_26_ON/idf_v-3.20_2021_03_26_615_ON_6153410_HEART_LAKE.txt
6154820,MAIN DUCK ISLAND,ON,43.93333333,-76.63333333,v3.20,IDF_v-3.20_2021_03_26_ON/idf_v-3.20_2021_03_26_615_ON_6154820_MAIN_DUCK_ISLAND.txt
6154950,MAPLE,ON,43.86666667,-79.48333333,v3.20,IDF_v-3.20_2021_03_26_ON/idf_v-3.20_2021_03_26_615_ON_6154950_MAPLE.txt
6155187,MILTON KELSO,ON,43.5,-79.95,v3.20,IDF_v-3.20_2021_03_26_ON/idf_v-3.20_2021_03_26_615_ON_6155187_MILTON_KELSO.txt
6155722,OAK RIDGES,ON,43.96666667,-79.46666667,v3.20,IDF_v-3.20_2021_03_26_ON/idf_v-3.20_2021_03_26_615_ON_6155722_OAK_RIDGES.txt
6155878,OSHAWA WPCP,ON,43.86666667,-78.83333333,v3.20,IDF_v-3.20_2021_03_26_ON/idf_v-3.20_2021_03_26_615_ON_6155878_OSHAWA_WPCP.txt
6156533,PICTON,ON,44.01666667,-77.13333333,v3.20,IDF_v-3.20_2021_03_26_ON/idf_v-3.20_2021_03_26_615_ON_6156533_PICTON.txt
6156559,POINT PETRE (AUT),ON,43.83333333,-77.15,v3.20,IDF_v-3.20_2021_03_26_ON/idf_v-3.20_2021_03_26_615_ON_6156559_POINT_PETRE_(AUT).txt
6157000,MONO CENTRE,ON,44.03225,-80.02444722,v3.20,IDF_v-3.20_2021_03_26_ON/idf_v-3.20_2021_03_26_615_ON_6157000_MONO_CENTRE.txt
6157831,SMITHFIELD CDA,ON,44.08333333,-77.66666667,v3.20,IDF_v-3.20_2021_03_26_ON/idf_v-3.20_2021_03_26_615_ON_6157831_SMITHFIELD_CDA.txt
6158084,STOUFFVILLE WPCP,ON,43.96666667,-79.25,v3.20,IDF_v-3.20_2021_03_26_ON/idf_v-3.20_2021_03_26_615_ON_6158084_STOUFFVILLE_WPCP.txt
6158355,TORONTO CITY,ON,43.66666667,-79.4,v3.20,IDF_v-3.20_2021_03_26_ON/idf_v-3.20_2021_03_26_615_ON_6158355_TORONTO_CITY.txt
6158406,TORONTO BOOTH,ON,43.65,-79.35,v3.20,IDF_v-3.20_2021_03_26_ON/idf_v-3.20_2021_03_26_615_ON_6158406_TORONTO_BOOTH.txt
6158520,TORONTO ELLESMERE,ON,43.76666667,-79.26666667,v3.20,IDF_v-3.20_2021_03_26_ON/idf_v-3.20_2021_03_26_615_ON_6158520_TORONTO_ELLESMERE.txt
6158525,TORONTO ETOBICOKE,ON,43.63333333,-79.53333333,v3.20,IDF_v-3.20_2021_03_26_ON/idf_v-3.20_2021_03_26_615_ON_6158525_TORONTO_ETOBICOKE.txt
6158575,TORONTO GREENWOOD,ON,43.66666667,-79.31666667,v3.20,IDF_v-3.20_2021_03_26_ON/idf_v-3.20_2021_03_26_615_ON_6158575_TORONTO_GREENWOOD.txt
6158665,TORONTO ISLAND A,ON,43.62861111,-79.395,v3.20,IDF_v-3.20_2021_03_26_ON/idf_v-3.20_2021_03_26_615_ON_6158665_TORONTO_ISLAND_A.txt
6158731,TORONTO INTL A,ON,43.67666667,-79.63055556,v3.20,IDF_v-3.20_2021_03_26_ON/idf_v-3.20_2021_03_26_615_ON_6158731_TORONTO_INTL_A.txt
6158732,TORONTO LESLIE EGLINTON,ON,43.71666667,-79.35,v3.20,IDF_v-3.20_2021_03_26_ON/idf_v-3.20_2021_03_26_615_ON_6158732_TORONTO_LESLIE_EGLINTON.txt
6158740,TORONTO MET RES STN,ON,43.8,-79.55,v3.20,IDF_v-3.20_2021_03_26_ON/idf_v-3.20_2021_03_26_615_ON_6158740_TORONTO_MET_RES_STN.txt
6158764,TORONTO OLD WESTON RD,ON,43.65,-79.46666667,v3.20,IDF_v-3.20_2021_03_26_ON/idf_v-3.20_2021_03_26_615_ON_6158764_TORONTO_OLD_WESTON_RD.txt
61587PG,TORONTO SENECA HILL,ON,43.78333333,-79.35,v3.20,IDF_v-3.20_2021_03_26_ON/idf_v-3.20_2021_03_26_615_ON_61587PG_TORONTO_SENECA_HILL.txt
6158875,TRENTON A,ON,44.11666667,-77.53333333,v3.20,IDF_v-3.20_2021_03_26_ON/idf_v-3.20_2021_03_26_615_ON_6158875_TRENTON_A.txt
6159010,TWEED,ON,44.5,-77.28333333,v3.20,IDF_v-3.20_2021_03_26_ON/idf_v-3.20_2021_03_26_615_ON_6159010_TWEED.txt
6159510,WILCOX LAKE,ON,43.95,-79.43333333,v3.20,IDF_v-3.20_2021_03_26_ON/idf_v-3.20_2021_03_26_615_ON_6159510_WILCOX_LAKE.txt
615HHDF,TORONTO YORK MILLS,ON,43.75,-79.38333333,v3.20,IDF_v-3.20_2021_03_26_ON/idf_v-3.20_2021_03_26_615_ON_615HHDF_TORONTO_YORK_MILLS.txt
615HMAK,TORONTO BUTTONVILLE A,ON,43.86222222,-79.37,v3.20,IDF_v-3.20_2021_03_26_ON/idf_v-3.20_2021_03_26_615_ON_615HMAK_TORONTO_BUTTONVILLE_A.txt
615N745,OAKVILLE SOUTHEAST WPCP,ON,43.48333333,-79.63333333,v3.20,IDF_v-3.20_2021_03_26_ON/idf_v-3.20_2021_03_26_615_ON_615N745_OAKVILLE_SOUTHEAST_WPCP.txt
615S001,TORONTO NORTH YORK,ON,43.78002,-79.46778833,v3.20,IDF_v-3.20_2021_03_26_ON/idf_v-3.20_2021_03_26_615_ON_615S001_TORONTO_NORTH_YORK.txt
6163171,HALIBURTON 3,ON,45.03224833,-78.531115,v3.20,IDF_v-3.20_2021_03_26_ON/idf_v-3.20_2021_03_26_616_ON_6163171_HALIBURTON_3.txt
6164432,LINDSAY FILTRATION PLANT,ON,44.35,-78.73333333,v3.20,IDF_v-3.20_2021_03_26_ON/idf_v-3.20_2021_03_26_616_ON_6164432_LINDSAY_FILTRATION_PLANT.txt
6166418,PETERBOROUGH A,ON,44.23333333,-78.36666667,v3.20,IDF_v-3.20_2021_03_26_ON/idf_v-3.20_2021_03_26_616_ON_6166418_PETERBOROUGH_A.txt
6166450,PETERBOROUGH STP,ON,44.28333333,-78.31666667,v3.20,IDF_v-3.20_2021_03_26_ON/idf_v-3.20_2021_03_26_616_ON_6166450_PETERBOROUGH_STP.txt
6166456,PETERBOROUGH TRENT U,ON,44.35,-78.3,v3.20,IDF_v-3.20_2021_03_26_ON/idf_v-3.20_2021_03_26_616_ON_6166456_PETERBOROUGH_TRENT_U.txt
6169453,WEST GUILFORD,ON,45.1,-78.68333333,v3.20,IDF_v-3.20_2021_03_26_ON/idf_v-3.20_2021_03_26_616_ON_6169453_WEST_GUILFORD.txt
616I001,BANCROFT AUTO,ON,45.07138889,-77.87888889,v3.20,IDF_v-3.20_2021_03_26_ON/idf_v-3.20_2021_03_26_616_ON_616I001_BANCROFT_AUTO.txt
8300301,CHARLOTTETOWN A,PE,46.28916667,-63.11916667,v3.00,IDF_v3.00_2019_02_27_PE/idf_v3-00_2019_02_27_830_PE_8300301_CHARLOTTETOWN_A.txt
8300596,SUMMERSIDE,PE,46.44111111,-63.83805556,v3.00,IDF_v3.00_2019_02_27_PE/idf_v3-00_2019_02_27_830_PE_8300596_SUMMERSIDE.txt
830P001,HARRINGTON CDA CS,PE,46.34361667,-63.16973611,v3.00,IDF_v3.00_2019_02_27_PE/idf_v3-00_2019_02_27_830_PE_830P001_HARRINGTON_CDA_CS.txt
7010565,BEAUPORT,QC,46.83694444,-71.19722222,v3.20,IDF_v-3.20_2021_03_26_QC/idf_v-3.20_2021_03_26_701_QC_7010565_BEAUPORT.txt
7011309,CHARLESBOURG PARC ORLEAN,QC,46.86666667,-71.26666667,v3.20,IDF_v-3.20_2021_03_26_QC/idf_v-3.20_2021_03_26_701_QC_7011309_CHARLESBOURG_PARC_ORLEAN.txt
7011982,DESCHAMBAULT,QC,46.66666667,-71.91666667,v3.20,IDF_v-3.20_2021_03_26_QC/idf_v-3.20_2021_03_26_701_QC_7011982_DESCHAMBAULT.txt
7012232,DUBERGER,QC,46.81666667,-71.3,v3.20,IDF_v-3.20_2021_03_26_QC/idf_v-3.20_2021_03_26_701_QC_7012232_DUBERGER.txt
7012240,DUCHESNAY,QC,46.86666667,-71.65,v3.20,IDF_v-3.20_2021_03_26_QC/idf_v-3.20_2021_03_26_701_QC_7012240_DUCHESNAY.txt
7013362,JOLIETTE VILLE,QC,46.01666667,-73.43333333,v3.20,IDF_v-3.20_2021_03_26_QC/idf_v-3.20_2021_03_26_701_QC_7013362_JOLIETTE_VILLE.txt
7014160,L'ASSOMPTION,QC,45.80944444,-73.43472222,v3.20,IDF_v-3.20_2021_03_26_QC/idf_v-3.20_2021_03_26_701_QC_7014160_L_ASSOMPTION.txt
7015730,OKA,QC,45.5,-74.06666667,v3.20,IDF_v-3.20_2021_03_26_QC/idf_v-3.20_2021_03_26_701_QC_7015730_OKA.txt
7016280,QUEBEC,QC,46.8,-71.21666667,v3.20,IDF_v-3.20_2021_03_26_QC/idf_v-3.20_2021_03_26_701_QC_7016280_QUEBEC.txt
7016800,ST ALBAN,QC,46.71666667,-72.08333333,v3.20,IDF_v-3.20_2021_03_26_QC/idf_v-3.20_2021_03_26_701_QC_7016800_ST_ALBAN.txt
7016900,ST AUGUSTIN,QC,46.73333333,-71.5,v3.20,IDF_v-3.20_2021_03_26_QC/idf_v-3.20_2021_03_26_701_QC_7016900_ST_AUGUSTIN.txt
7016902,STE BEATRIX,QC,46.2,-73.6,v3.20,IDF_v-3.20_2021_03_26_QC/idf_v-3.20_2021_03_26_701_QC_7016902_STE_BEATRIX.txt
7016906,ST BENOIT,QC,45.56666667,-74.05,v3.20,IDF_v-3.20_2021_03_26_QC/idf_v-3.20_2021_03_26_701_QC_7016906_ST_BENOIT.txt
7016932,STE CATHERINE,QC,46.85,-71.61666667,v3.20,IDF_v-3.20_2021_03_26_QC/idf_v-3.20_2021_03_26_701_QC_7016932_STE_CATHERINE.txt
7017100,ST DONAT,QC,46.31666667,-74.2,v3.20,IDF_v-3.20_2021_03_26_QC/idf_v-3.20_2021_03_26_701_QC_7017100_ST_DONAT.txt
7017B65,STE FOY MATAPEDIA,QC,46.75,-71.28333333,v3.20,IDF_v-3.20_2021_03_26_QC/idf_v-3.20_2021_03_26_701_QC_7017B65_STE_FOY_MATAPEDIA.txt
7017BFN,STE FOY (PIE XII),QC,46.78333333,-71.31666667,v3.20,IDF_v-3.20_2021_03_26_QC/idf_v-3.20_2021_03_26_701_QC_7017BFN_STE_FOY_(PIE_XII).txt
7018001,SHAWINIGAN,QC,46.56333333,-72.73333333,v3.20,IDF_v-3.20_2021_03_26_QC/idf_v-3.20_2021_03_26_701_QC_7018001_SHAWINIGAN.txt
701A9E0,COURVILLE DE POISSY,QC,46.88333333,-71.16666667,v3.20,IDF_v-3.20_2021_03_26_QC/idf_v-3.20_2021_03_26_701_QC_701A9E0_COURVILLE_DE_POISSY.txt
701HE63,TROIS RIVIERES AQUEDUC,QC,46.38333333,-72.61666667,v3.20,IDF_v-3.20_2021_03_26_QC/idf_v-3.20_2021_03_26_701_QC_701HE63_TROIS_RIVIERES_AQUEDUC.txt
701S001,QUEBEC JEAN LESAGE INTL,QC,46.80361111,-71.38166667,v3.20,IDF_v-3.20_2021_03_26_QC/idf_v-3.20_2021_03_26_701_QC_701S001_QUEBEC_JEAN_LESAGE_INTL.txt
7020305,ARTHABASKA,QC,46.01666667,-71.95,v3.20,IDF_v-3.20_2021_03_26_QC/idf_v-3.20_2021_03_26_702_QC_7020305_ARTHABASKA.txt
7020360,ASBESTOS,QC,45.76666667,-71.95,v3.20,IDF_v-3.20_2021_03_26_QC/idf_v-3.20_2021_03_26_702_QC_7020360_ASBESTOS.txt
7020840,BROME,QC,45.18333333,-72.56666667,v3.20,IDF_v-3.20_2021_03_26_QC/idf_v-3.20_2021_03_26_702_QC_7020840_BROME.txt
7021320,CHARTIERVILLE,QC,45.28333333,-71.2,v3.20,IDF_v-3.20_2021_03_26_QC/idf_v-3.20_2021_03_26_702_QC_7021320_CHARTIERVILLE.txt
7021954,DANVILLE,QC,45.81666667,-71.98333333,v3.20,IDF_v-3.20_2021_03_26_QC/idf_v-3.20_2021_03_26_702_QC_7021954_DANVILLE.txt
7022160,DRUMMONDVILLE,QC,45.88333333,-72.48333333,v3.20,IDF_v-3.20_2021_03_26_QC/idf_v-3.20_2021_03_26_702_QC_7022160_DRUMMONDVILLE.txt
7022494,FORTIERVILLE,QC,46.48333333,-72.05,v3.20,IDF_v-3.20_2021_03_26_QC/idf_v-3.20_2021_03_26_702_QC_7022494_FORTIERVILLE.txt
7022579,FRELIGHSBURG,QC,45.03333333,-72.85,v3.20,IDF_v-3.20_2021_03_26_QC/idf_v-3.20_2021_03_26_702_QC_7022579_FRELIGHSBURG.txt
7022720,GEORGEVILLE,QC,45.13333333,-72.23333333,v3.20,IDF_v-3.20_2021_03_26_QC/idf_v-3.20_2021_03_26_702_QC_7022720_GEORGEVILLE.txt
7022802,GRANBY,QC,45.37277778,-72.77388889,v3.20,IDF_v-3.20_2021_03_26_QC/idf_v-3.20_2021_03_26_702_QC_7022802_GRANBY.txt
7023312,ISLAND BROOK,QC,45.38333333,-71.46666667,v3.20,IDF_v-3.20_2021_03_26_QC/idf_v-3.20_2021_03_26_702_QC_7023312_ISLAND_BROOK.txt
7023677,LAC MEGANTIC 2,QC,45.6,-70.86666667,v3.20,IDF_v-3.20_2021_03_26_QC/idf_v-3.20_2021_03_26_702_QC_7023677_LAC_MEGANTIC_2.txt
7024254,LAUZON,QC,46.81666667,-71.1,v3.20,IDF_v-3.20_2021_03_26_QC/idf_v-3.20_2021_03_26_702_QC_7024254_LAUZON.txt
7024280,LENNOXVILLE,QC,45.36888889,-71.82361111,v3.20,IDF_v-3.20_2021_03_26_QC/idf_v-3.20_2021_03_26_702_QC_7024280_LENNOXVILLE.txt
7024320,LINGWICK,QC,45.63333333,-71.36666667,v3.20,IDF_v-3.20_2021_03_26_QC/idf_v-3.20_2021_03_26_702_QC_7024320_LINGWICK.txt
7024624,MAPLE LEAF EAST,QC,45.33333333,-71.4,v3.20,IDF_v-3.20_2021_03_26_QC/idf_v-3.20_2021_03_26_702_QC_7024624_MAPLE_LEAF_EAST.txt
7024745,MCTAVISH,QC,45.50474167,-73.57916667,v3.20,IDF_v-3.20_2021_03_26_QC/idf_v-3.20_2021_03_26_702_QC_7024745_MCTAVISH.txt
7025212,MONT MEGANTIC,QC,45.45,-71.15,v3.20,IDF_v-3.20_2021_03_26_QC/idf_v-3.20_2021_03_26_702_QC_7025212_MONT_MEGANTIC.txt
7025257,MONTREAL JAR BOT,QC,45.56666667,-73.55,v3.20,IDF_v-3.20_2021_03_26_QC/idf_v-3.20_2021_03_26_702_QC_7025257_MONTREAL_JAR_BOT.txt
7025260,MONTREAL JEAN BREBEUF,QC,45.5,-73.61666667,v3.20,IDF_v-3.20_2021_03_26_QC/idf_v-3.20_2021_03_26_702_QC_7025260_MONTREAL_JEAN_BREBEUF.txt
7025267,MONTREAL LAFONTAINE,QC,45.51666667,-73.56666667,v3.20,IDF_v-3.20_2021_03_26_QC/idf_v-3.20_2021_03_26_702_QC_7025267_MONTREAL_LAFONTAINE.txt
7025440,NICOLET,QC,46.2,-72.61666667,v3.20,IDF_v-3.20_2021_03_26_QC/idf_v-3.20_2021_03_26_702_QC_7025440_NICOLET.txt
7025745,ORMSTOWN,QC,45.11666667,-74.05,v3.20,IDF_v-3.20_2021_03_26_QC/idf_v-3.20_2021_03_26_702_QC_7025745_ORMSTOWN.txt
7027039,STE-CLOTILDE,QC,45.16722222,-73.67888889,v3.20,IDF_v-3.20_2021_03_26_QC/idf_v-3.20_2021_03_26_702_QC_7027039_STE-CLOTILDE.txt
7027110,STE DOROTHEE,QC,45.51666667,-73.78333333,v3.20,IDF_v-3.20_2021_03_26_QC/idf_v-3.20_2021_03_26_702_QC_7027110_STE_DOROTHEE.txt
7027120,STE EDWIDGE,QC,45.2,-71.68333333,v3.20,IDF_v-3.20_2021_03_26_QC/idf_v-3.20_2021_03_26_702_QC_7027120_STE_EDWIDGE.txt
7027200,ST EPHREM,QC,46.06666667,-70.96666667,v3.20,IDF_v-3.20_2021_03_26_QC/idf_v-3.20_2021_03_26_702_QC_7027200_ST_EPHREM.txt
7027248,ST FERDINAND,QC,46.1,-71.58333333,v3.20,IDF_v-3.20_2021_03_26_QC/idf_v-3.20_2021_03_26_702_QC_7027248_ST_FERDINAND.txt
7027259,ST FLAVIEN,QC,46.48333333,-71.56666667,v3.20,IDF_v-3.20_2021_03_26_QC/idf_v-3.20_2021_03_26_702_QC_7027259_ST_FLAVIEN.txt
7027283,ST GEORGES,QC,46.15,-70.7,v3.20,IDF_v-3.20_2021_03_26_QC/idf_v-3.20_2021_03_26_702_QC_7027283_ST_GEORGES.txt
7027302,ST GUILLAUME,QC,45.88333333,-72.76666667,v3.20,IDF_v-3.20_2021_03_26_QC/idf_v-3.20_2021_03_26_702_QC_7027302_ST_GUILLAUME.txt
7027320,MONTREAL ST-HUBERT A,QC,45.51666667,-73.41666667,v3.20,IDF_v-3.20_2021_03_26_QC/idf_v-3.20_2021_03_26_702_QC_7027320_MONTREAL_ST-HUBERT_A.txt
7027372,ST ISIDORE D'AUCKLAND,QC,45.26666667,-71.51666667,v3.20,IDF_v-3.20_2021_03_26_QC/idf_v-3.20_2021_03_26_702_QC_7027372_ST_ISIDORE_D_AUCKLAND.txt
7027517,STE MADELEINE,QC,45.61666667,-73.13333333,v3.20,IDF_v-3.20_2021_03_26_QC/idf_v-3.20_2021_03_26_702_QC_7027517_STE_MADELEINE.txt
7027656,ST PIERRE DE BROUGHTON,QC,46.25,-71.21666667,v3.20,IDF_v-3.20_2021_03_26_QC/idf_v-3.20_2021_03_26_702_QC_7027656_ST_PIERRE_DE_BROUGHTON.txt
7027725,ST SEBASTIEN,QC,45.76666667,-70.95,v3.20,IDF_v-3.20_2021_03_26_QC/idf_v-3.20_2021_03_26_702_QC_7027725_ST_SEBASTIEN.txt
7027750,ST THEOPHILE,QC,45.93333333,-70.48333333,v3.20,IDF_v-3.20_2021_03_26_QC/idf_v-3.20_2021_03_26_702_QC_7027750_ST_THEOPHILE.txt
7027785,ST ZACHARIE,QC,46.11666667,-70.38333333,v3.20,IDF_v-3.20_2021_03_26_QC/idf_v-3.20_2021_03_26_702_QC_7027785_ST_ZACHARIE.txt
7027802,SAWYERVILLE NORD,QC,45.36666667,-71.53333333,v3.20,IDF_v-3.20_2021_03_26_QC/idf_v-3.20_2021_03_26_702_QC_7027802_SAWYERVILLE_NORD.txt
7028120,SHERBROOKE,QC,45.4,-71.9,v3.20,IDF_v-3.20_2021_03_26_QC/idf_v-3.20_2021_03_26_702_QC_7028120_SHERBROOKE.txt
7028124,SHERBROOKE A,QC,45.43333333,-71.68333333,v3.20,IDF_v-3.20_2021_03_26_QC/idf_v-3.20_2021_03_26_702_QC_7028124_SHERBROOKE_A.txt
7028441,THETFORD MINES,QC,46.1,-71.35,v3.20,IDF_v-3.20_2021_03_26_QC/idf_v-3.20_2021_03_26_702_QC_7028441_THETFORD_MINES.txt
7028676,VALLEE JONCTION,QC,46.38333333,-70.93333333,v3.20,IDF_v-3.20_2021_03_26_QC/idf_v-3.20_2021_03_26_702_QC_7028676_VALLEE_JONCTION.txt
7028680,VALLEYFIELD,QC,45.28333333,-74.1,v3.20,IDF_v-3.20_2021_03_26_QC/idf_v-3.20_2021_03_26_702_QC_7028680_VALLEYFIELD.txt
7028754,BEAUCEVILLE,QC,46.205,-70.785,v3.20,IDF_v-3.20_2021_03_26_QC/idf_v-3.20_2021_03_26_702_QC_7028754_BEAUCEVILLE.txt
7028906,WEST DITTON,QC,45.4,-71.3,v3.20,IDF_v-3.20_2021_03_26_QC/idf_v-3.20_2021_03_26_702_QC_7028906_WEST_DITTON.txt
7028946,WOBURN,QC,45.38333333,-70.86666667,v3.20,IDF_v-3.20_2021_03_26_QC/idf_v-3.20_2021_03_26_702_QC_7028946_WOBURN.txt
702FHL8,STE-ANNE-DE-BELLEVUE 1,QC,45.42722222,-73.92916667,v3.20,IDF_v-3.20_2021_03_26_QC/idf_v-3.20_2021_03_26_702_QC_702FHL8_STE-ANNE-DE-BELLEVUE_1.txt
702LED4,L'ACADIE,QC,45.29388889,-73.34944444,v3.20,IDF_v-3.20_2021_03_26_QC/idf_v-3.20_2021_03_26_702_QC_702LED4_L_ACADIE.txt
702S006,MONTREAL PIERRE ELLIOTT TRUDEAU INTL,QC,45.46777778,-73.74166667,v3.20,IDF_v-3.20_2021_03_26_QC/idf_v-3.20_2021_03_26_702_QC_702S006_MONTREAL_PIERRE_ELLIOTT_TRUDEAU_INTL.txt
7030170,ANGERS,QC,45.55,-75.55,v3.20,IDF_v-3.20_2021_03_26_QC/idf_v-3.20_2021_03_26_703_QC_7030170_ANGERS.txt
7030457,BARRAGE MERCIER,QC,46.71666667,-75.98333333,v3.20,IDF_v-3.20_2021_03_26_QC/idf_v-3.20_2021_03_26_703_QC_7030457_BARRAGE_MERCIER.txt
7031375,CHENEVILLE,QC,45.9,-75.08333333,v3.20,IDF_v-3.20_2021_03_26_QC/idf_v-3.20_2021_03_26_703_QC_7031375_CHENEVILLE.txt
7034480,MANIWAKI UA,QC,46.30180556,-76.00605556,v3.20,IDF_v-3.20_2021_03_26_QC/idf_v-3.20_2021_03_26_703_QC_7034480_MANIWAKI_UA.txt
7035290,MONTREAL MIRABEL INT'L A,QC,45.66666667,-74.03333333,v3.20,IDF_v-3.20_2021_03_26_QC/idf_v-3.20_2021_03_26_703_QC_7035290_MONTREAL_MIRABEL_INT_L_A.txt
7035520,NOMININGUE,QC,46.4,-75.08333333,v3.20,IDF_v-3.20_2021_03_26_QC/idf_v-3.20_2021_03_26_703_QC_7035520_NOMININGUE.txt
7036762,STE AGATHE DES MONTS,QC,46.05,-74.28333333,v3.20,IDF_v-3.20_2021_03_26_QC/idf_v-3.20_2021_03_26_703_QC_7036762_STE_AGATHE_DES_MONTS.txt
7037400,ST JEROME,QC,45.8,-74.05,v3.20,IDF_v-3.20_2021_03_26_QC/idf_v-3.20_2021_03_26_703_QC_7037400_ST_JEROME.txt
7038040,SHAWVILLE,QC,45.61666667,-76.46666667,v3.20,IDF_v-3.20_2021_03_26_QC/idf_v-3.20_2021_03_26_703_QC_7038040_SHAWVILLE.txt
7040440,BAIE-COMEAU A,QC,49.13333333,-68.2,v3.20,IDF_v-3.20_2021_03_26_QC/idf_v-3.20_2021_03_26_704_QC_7040440_BAIE-COMEAU_A.txt
7040446,BAIE ST PAUL,QC,47.41666667,-70.5,v3.20,IDF_v-3.20_2021_03_26_QC/idf_v-3.20_2021_03_26_704_QC_7040446_BAIE_ST_PAUL.txt
7040813,LOURDES DE BLANC SABLON A,QC,51.45,-57.18333333,v3.20,IDF_v-3.20_2021_03_26_QC/idf_v-3.20_2021_03_26_704_QC_7040813_LOURDES_DE_BLANC_SABLON_A.txt
7041177,CAP TOURMENTE,QC,47.06666667,-70.78333333,v3.20,IDF_v-3.20_2021_03_26_QC/idf_v-3.20_2021_03_26_704_QC_7041177_CAP_TOURMENTE.txt
7041312,CHARLEVOIX (MRC),QC,47.28416667,-70.6375,v3.20,IDF_v-3.20_2021_03_26_QC/idf_v-3.20_2021_03_26_704_QC_7041312_CHARLEVOIX_(MRC).txt
7041382,CHEVERY,QC,50.465,-59.63944444,v3.20,IDF_v-3.20_2021_03_26_QC/idf_v-3.20_2021_03_26_704_QC_7041382_CHEVERY.txt
7042378,FORESTVILLE,QC,48.73333333,-69.08333333,v3.20,IDF_v-3.20_2021_03_26_QC/idf_v-3.20_2021_03_26_704_QC_7042378_FORESTVILLE.txt
7042395,FORET MONTMORENCY RCS,QC,47.32277778,-71.14833333,v3.20,IDF_v-3.20_2021_03_26_QC/idf_v-3.20_2021_03_26_704_QC_7042395_FORET_MONTMORENCY_RCS.txt
7042590,GAGNON A,QC,51.95,-68.13333333,v3.20,IDF_v-3.20_2021_03_26_QC/idf_v-3.20_2021_03_26_704_QC_7042590_GAGNON_A.txt
7042870,GRAND FONDS,QC,47.75,-70.11666667,v3.20,IDF_v-3.20_2021_03_26_QC/idf_v-3.20_2021_03_26_704_QC_7042870_GRAND_FONDS.txt
7043018,HAVRE-SAINT-PIERRE A,QC,50.28333333,-63.6,v3.20,IDF_v-3.20_2021_03_26_QC/idf_v-3.20_2021_03_26_704_QC_7043018_HAVRE-SAINT-PIERRE_A.txt
7045400,NATASHQUAN A,QC,50.18333333,-61.81666667,v3.20,IDF_v-3.20_2021_03_26_QC/idf_v-3.20_2021_03_26_704_QC_7045400_NATASHQUAN_A.txt
7045910,PENTECOTE,QC,49.73333333,-67.16666667,v3.20,IDF_v-3.20_2021_03_26_QC/idf_v-3.20_2021_03_26_704_QC_7045910_PENTECOTE.txt
7047914,SEPT-ILES,QC,50.21666667,-66.25,v3.20,IDF_v-3.20_2021_03_26_QC/idf_v-3.20_2021_03_26_704_QC_7047914_SEPT-ILES.txt
704Q003,POINTE NOIRE CS,QC,50.1625,-66.43388889,v3.20,IDF_v-3.20_2021_03_26_QC/idf_v-3.20_2021_03_26_704_QC_704Q003_POINTE_NOIRE_CS.txt
704S001,BAIE-COMEAU,QC,49.25916667,-68.14583333,v3.20,IDF_v-3.20_2021_03_26_QC/idf_v-3.20_2021_03_26_704_QC_704S001_BAIE-COMEAU.txt
7051160,CAP MADELEINE,QC,49.23333333,-65.31666667,v3.20,IDF_v-3.20_2021_03_26_QC/idf_v-3.20_2021_03_26_705_QC_7051160_CAP_MADELEINE.txt
7051175,CAP SEIZE,QC,49.01666667,-66.4,v3.20,IDF_v-3.20_2021_03_26_QC/idf_v-3.20_2021_03_26_705_QC_7051175_CAP_SEIZE.txt
7052601,GASPE A,QC,48.77527778,-64.47972222,v3.20,IDF_v-3.20_2021_03_26_QC/idf_v-3.20_2021_03_26_705_QC_7052601_GASPE_A.txt
7052820,GRANDE RIVIERE,QC,48.38333333,-64.53333333,v3.20,IDF_v-3.20_2021_03_26_QC/idf_v-3.20_2021_03_26_705_QC_7052820_GRANDE_RIVIERE.txt
7053649,LAC HUMQUI,QC,48.28333333,-67.56666667,v3.20,IDF_v-3.20_2021_03_26_QC/idf_v-3.20_2021_03_26_705_QC_7053649_LAC_HUMQUI.txt
7053KGR,ILES DE LA MADELEINE,QC,47.42527778,-61.77472222,v3.20,IDF_v-3.20_2021_03_26_QC/idf_v-3.20_2021_03_26_705_QC_7053KGR_ILES_DE_LA_MADELEINE.txt
7054096,LA POCATIERE,QC,47.35583333,-70.03194444,v3.20,IDF_v-3.20_2021_03_26_QC/idf_v-3.20_2021_03_26_705_QC_7054096_LA_POCATIERE.txt
7054640,MATANE,QC,48.85,-67.46666667,v3.20,IDF_v-3.20_2021_03_26_QC/idf_v-3.20_2021_03_26_705_QC_7054640_MATANE.txt
7055121,MONT JOLI A,QC,48.60888889,-68.2075,v3.20,IDF_v-3.20_2021_03_26_QC/idf_v-3.20_2021_03_26_705_QC_7055121_MONT_JOLI_A.txt
7055380,MURDOCHVILLE,QC,48.95,-65.51666667,v3.20,IDF_v-3.20_2021_03_26_QC/idf_v-3.20_2021_03_26_705_QC_7055380_MURDOCHVILLE.txt
7055675,NOTRE DAME DU LAC,QC,47.6,-68.8,v3.20,IDF_v-3.20_2021_03_26_QC/idf_v-3.20_2021_03_26_705_QC_7055675_NOTRE_DAME_DU_LAC.txt
7055705,NOUVELLE,QC,48.1,-66.3,v3.20,IDF_v-3.20_2021_03_26_QC/idf_v-3.20_2021_03_26_705_QC_7055705_NOUVELLE.txt
7056202,PORT-MENIER,QC,49.83861111,-64.29333333,v3.20,IDF_v-3.20_2021_03_26_QC/idf_v-3.20_2021_03_26_705_QC_7056202_PORT-MENIER.txt
7056480,RIMOUSKI,QC,48.45,-68.51666667,v3.20,IDF_v-3.20_2021_03_26_QC/idf_v-3.20_2021_03_26_705_QC_7056480_RIMOUSKI.txt
7056563,RIVIERE AU RENARD,QC,49.01666667,-64.4,v3.20,IDF_v-3.20_2021_03_26_QC/idf_v-3.20_2021_03_26_705_QC_7056563_RIVIERE_AU_RENARD.txt
7056616,RIVIERE-DU-LOUP,QC,47.80583333,-69.54861111,v3.20,IDF_v-3.20_2021_03_26_QC/idf_v-3.20_2021_03_26_705_QC_7056616_RIVIERE-DU-LOUP.txt
7056814,ST ALEXIS DE MATAPEDIA,QC,47.98333333,-67.06666667,v3.20,IDF_v-3.20_2021_03_26_QC/idf_v-3.20_2021_03_26_705_QC_7056814_ST_ALEXIS_DE_MATAPEDIA.txt
7056922,ST BRUNO KAMOURASKA,QC,47.45,-69.78333333,v3.20,IDF_v-3.20_2021_03_26_QC/idf_v-3.20_2021_03_26_705_QC_7056922_ST_BRUNO_KAMOURASKA.txt
7056970,ST CHARLES GARNIER,QC,48.33333333,-68.05,v3.20,IDF_v-3.20_2021_03_26_QC/idf_v-3.20_2021_03_26_705_QC_7056970_ST_CHARLES_GARNIER.txt
7057287,STE GERMAINE,QC,46.41666667,-70.46666667,v3.20,IDF_v-3.20_2021_03_26_QC/idf_v-3.20_2021_03_26_705_QC_7057287_STE_GERMAINE.txt
7057395,ST JEAN DE CHERBOURG,QC,48.88333333,-67.11666667,v3.20,IDF_v-3.20_2021_03_26_QC/idf_v-3.20_2021_03_26_705_QC_7057395_ST_JEAN_DE_CHERBOURG.txt
7057518,ST MALACHIE,QC,46.55,-70.81666667,v3.20,IDF_v-3.20_2021_03_26_QC/idf_v-3.20_2021_03_26_705_QC_7057518_ST_MALACHIE.txt
7057574,ST MODESTE,QC,47.85,-69.38333333,v3.20,IDF_v-3.20_2021_03_26_QC/idf_v-3.20_2021_03_26_705_QC_7057574_ST_MODESTE.txt
7060400,BAGOTVILLE A,QC,48.33333333,-71.0,v3.20,IDF_v-3.20_2021_03_26_QC/idf_v-3.20_2021_03_26_706_QC_7060400_BAGOTVILLE_A.txt
7063370,JONQUIERE,QC,48.42500333,-71.14250028,v3.20,IDF_v-3.20_2021_03_26_QC/idf_v-3.20_2021_03_26_706_QC_7063370_JONQUIERE.txt
7063690,LAC STE CROIX,QC,48.41666667,-71.75,v3.20,IDF_v-3.20_2021_03_26_QC/idf_v-3.20_2021_03_26_706_QC_7063690_LAC_STE_CROIX.txt
7065100,MONT APICA,QC,47.96666667,-71.41666667,v3.20,IDF_v-3.20_2021_03_26_QC/idf_v-3.20_2021_03_26_706_QC_7065100_MONT_APICA.txt
7065639,NORMANDIN,QC,48.84166667,-72.54694444,v3.20,IDF_v-3.20_2021_03_26_QC/idf_v-3.20_2021_03_26_706_QC_7065639_NORMANDIN.txt
7066080,PORTAGE DES ROCHES,QC,48.3,-71.21666667,v3.20,IDF_v-3.20_2021_03_26_QC/idf_v-3.20_2021_03_26_706_QC_7066080_PORTAGE_DES_ROCHES.txt
7066685,ROBERVAL A,QC,48.51666667,-72.26666667,v3.20,IDF_v-3.20_2021_03_26_QC/idf_v-3.20_2021_03_26_706_QC_7066685_ROBERVAL_A.txt
7067060,ST COEUR DE MARIE,QC,48.63333333,-71.71666667,v3.20,IDF_v-3.20_2021_03_26_QC/idf_v-3.20_2021_03_26_706_QC_7067060_ST_COEUR_DE_MARIE.txt
706Q001,LA BAIE,QC,48.29810333,-70.91953694,v3.20,IDF_v-3.20_2021_03_26_QC/idf_v-3.20_2021_03_26_706_QC_706Q001_LA_BAIE.txt
7072816,GRANDE ANSE,QC,47.1,-72.93333333,v3.20,IDF_v-3.20_2021_03_26_QC/idf_v-3.20_2021_03_26_707_QC_7072816_GRANDE_ANSE.txt
7074240,LA TUQUE,QC,47.4,-72.78333333,v3.20,IDF_v-3.20_2021_03_26_QC/idf_v-3.20_2021_03_26_707_QC_7074240_LA_TUQUE.txt
7075800,PARENT,QC,47.92222444,-74.62416861,v3.20,IDF_v-3.20_2021_03_26_QC/idf_v-3.20_2021_03_26_707_QC_7075800_PARENT.txt
7077571,SAINT-MICHEL-DES-SAINTS,QC,46.81555833,-74.09390278,v3.20,IDF_v-3.20_2021_03_26_QC/idf_v-3.20_2021_03_26_707_QC_7077571_SAINT-MICHEL-DES-SAINTS.txt
7080452,BARRAGE ANGLIERS,QC,47.55194444,-79.23583333,v3.20,IDF_v-3.20_2021_03_26_QC/idf_v-3.20_2021_03_26_708_QC_7080452_BARRAGE_ANGLIERS.txt
7080468,BARRAGE TEMISCAMINGUE,QC,46.70972222,-79.10111111,v3.20,IDF_v-3.20_2021_03_26_QC/idf_v-3.20_2021_03_26_708_QC_7080468_BARRAGE_TEMISCAMINGUE.txt
7090120,AMOS,QC,48.56666667,-78.13333333,v3.20,IDF_v-3.20_2021_03_26_QC/idf_v-3.20_2021_03_26_709_QC_7090120_AMOS.txt
7091299,CHAPAIS,QC,49.8225,-74.97527778,v3.20,IDF_v-3.20_2021_03_26_QC/idf_v-3.20_2021_03_26_709_QC_7091299_CHAPAIS.txt
7093716,LA GRANDE RIVIERE A,QC,53.62527778,-77.70416667,v3.20,IDF_v-3.20_2021_03_26_QC/idf_v-3.20_2021_03_26_709_QC_7093716_LA_GRANDE_RIVIERE_A.txt
7094120,LA SARRE,QC,48.78333333,-79.21666667,v3.20,IDF_v-3.20_2021_03_26_QC/idf_v-3.20_2021_03_26_709_QC_7094120_LA_SARRE.txt
7094639,MATAGAMI A,QC,49.76666667,-77.81666667,v3.20,IDF_v-3.20_2021_03_26_QC/idf_v-3.20_2021_03_26_709_QC_7094639_MATAGAMI_A.txt
7095480,NITCHEQUON,QC,53.2,-70.9,v3.20,IDF_v-3.20_2021_03_26_QC/idf_v-3.20_2021_03_26_709_QC_7095480_NITCHEQUON.txt
7096621,RIVIERE HEVA,QC,48.2,-78.13333333,v3.20,IDF_v-3.20_2021_03_26_QC/idf_v-3.20_2021_03_26_709_QC_7096621_RIVIERE_HEVA.txt
7098603,VAL-D'OR,QC,48.05639,-77.78639083,v3.20,IDF_v-3.20_2021_03_26_QC/idf_v-3.20_2021_03_26_709_QC_7098603_VAL-D_OR.txt
7103539,KUUJJUARAPIK,QC,55.36666667,-77.56666667,v3.20,IDF_v-3.20_2021_03_26_QC/idf_v-3.20_2021_03_26_710_QC_7103539_KUUJJUARAPIK.txt
710S005,INUKJUAK,QC,58.47194444,-78.07694444,v3.20,IDF_v-3.20_2021_03_26_QC/idf_v-3.20_2021_03_26_710_QC_710S005_INUKJUAK.txt
7113534,KUUJJUAQ A,QC,58.1,-68.41666667,v3.20,IDF_v-3.20_2021_03_26_QC/idf_v-3.20_2021_03_26_711_QC_7113534_KUUJJUAQ_A.txt
7116270,QUAQTAQ,QC,61.05,-69.63333333,v3.20,IDF_v-3.20_2021_03_26_QC/idf_v-3.20_2021_03_26_711_QC_7116270_QUAQTAQ.txt
7117827,SCHEFFERVILLE,QC,54.8,-66.8,v3.20,IDF_v-3.20_2021_03_26_QC/idf_v-3.20_2021_03_26_711_QC_7117827_SCHEFFERVILLE.txt
4010811,BRATT'S LAKE CLIMATE,SK,50.20055583,-104.71,v3.20,IDF_v-3.20_2021_03_26_SK/idf_v-3.20_2021_03_26_401_SK_4010811_BRATT_S_LAKE_CLIMATE.txt
4010879,BROADVIEW,SK,50.36805556,-102.5708333,v3.20,IDF_v-3.20_2021_03_26_SK/idf_v-3.20_2021_03_26_401_SK_4010879_BROADVIEW.txt
4012164,DAVIN 5,SK,50.36666667,-104.1666667,v3.20,IDF_v-3.20_2021_03_26_SK/idf_v-3.20_2021_03_26_401_SK_4012164_DAVIN_5.txt
4012410,ESTEVAN,SK,49.21666667,-102.9666667,v3.20,IDF_v-3.20_2021_03_26_SK/idf_v-3.20_2021_03_26_401_SK_4012410_ESTEVAN.txt
4013480,INDIAN HEAD CDA,SK,50.55,-103.65,v3.20,IDF_v-3.20_2021_03_26_SK/idf_v-3.20_2021_03_26_401_SK_4013480_INDIAN_HEAD_CDA.txt
4013490,INDIAN HEAD PFRA,SK,50.5,-103.6833333,v3.20,IDF_v-3.20_2021_03_26_SK/idf_v-3.20_2021_03_26_401_SK_4013490_INDIAN_HEAD_PFRA.txt
4014156,LAST MOUNTAIN CS,SK,51.41666667,-105.25,v3.20,IDF_v-3.20_2021_03_26_SK/idf_v-3.20_2021_03_26_401_SK_4014156_LAST_MOUNTAIN_CS.txt
4015322,MOOSE JAW CS,SK,50.33168056,-105.5375083,v3.20,IDF_v-3.20_2021_03_26_SK/idf_v-3.20_2021_03_26_401_SK_4015322_MOOSE_JAW_CS.txt
4015680,ORMISTON,SK,49.71666667,-105.3666667,v3.20,IDF_v-3.20_2021_03_26_SK/idf_v-3.20_2021_03_26_401_SK_4015680_ORMISTON.txt
4016699,REGINA RCS,SK,50.43333333,-104.6666667,v3.20,IDF_v-3.20_2021_03_26_SK/idf_v-3.20_2021_03_26_401_SK_4016699_REGINA_RCS.txt
4019073,YORKTON,SK,51.26472222,-102.4644444,v3.20,IDF_v-3.20_2021_03_26_SK/idf_v-3.20_2021_03_26_401_SK_4019073_YORKTON.txt
40190LN,WYNYARD (AUT),SK,51.76666667,-104.2,v3.20,IDF_v-3.20_2021_03_26_SK/idf_v-3.20_2021_03_26_401_SK_40190LN_WYNYARD_(AUT).txt
401HP5R,WEYBURN,SK,49.7,-103.8,v3.20,IDF_v-3.20_2021_03_26_SK/idf_v-3.20_2021_03_26_401_SK_401HP5R_WEYBURN.txt
4020286,ASSINIBOIA AIRPORT,SK,49.72919167,-105.9461139,v3.20,IDF_v-3.20_2021_03_26_SK/idf_v-3.20_2021_03_26_402_SK_4020286_ASSINIBOIA_AIRPORT.txt
4024714,LUCKY LAKE,SK,50.95,-107.15,v3.20,IDF_v-3.20_2021_03_26_SK/idf_v-3.20_2021_03_26_402_SK_4024714_LUCKY_LAKE.txt
4024919,MAPLE CREEK,SK,49.90251389,-109.4661278,v3.20,IDF_v-3.20_2021_03_26_SK/idf_v-3.20_2021_03_26_402_SK_4024919_MAPLE_CREEK.txt
4028040,SWIFT CURRENT A,SK,50.3,-107.6833333,v3.20,IDF_v-3.20_2021_03_26_SK/idf_v-3.20_2021_03_26_402_SK_4028040_SWIFT_CURRENT_A.txt
4028060,SWIFT CURRENT CDA,SK,50.26666667,-107.7333333,v3.20,IDF_v-3.20_2021_03_26_SK/idf_v-3.20_2021_03_26_402_SK_4028060_SWIFT_CURRENT_CDA.txt
402DAF0,LEADER AIRPORT,SK,50.90946389,-109.5013917,v3.20,IDF_v-3.20_2021_03_26_SK/idf_v-3.20_2021_03_26_402_SK_402DAF0_LEADER_AIRPORT.txt
40318MN,CORONACH SPC,SK,49.05,-105.4833333,v3.20,IDF_v-3.20_2021_03_26_SK/idf_v-3.20_2021_03_26_403_SK_40318MN_CORONACH_SPC.txt
4031999,CYPRESS HILLS PARK,SK,49.64055806,-109.5144456,v3.20,IDF_v-3.20_2021_03_26_SK/idf_v-3.20_2021_03_26_403_SK_4031999_CYPRESS_HILLS_PARK.txt
4032322,EASTEND CYPRESS (AUT),SK,49.43778056,-108.988625,v3.20,IDF_v-3.20_2021_03_26_SK/idf_v-3.20_2021_03_26_403_SK_4032322_EASTEND_CYPRESS_(AUT).txt
4036844,ROCKGLEN (AUT),SK,49.16778889,-105.9791833,v3.20,IDF_v-3.20_2021_03_26_SK/idf_v-3.20_2021_03_26_403_SK_4036844_ROCKGLEN_(AUT).txt
404037Q,BAD LAKE IHD 102,SK,51.31666667,-108.4166667,v3.20,IDF_v-3.20_2021_03_26_SK/idf_v-3.20_2021_03_26_404_SK_404037Q_BAD_LAKE_IHD_102.txt
4043901,KINDERSLEY A,SK,51.51527778,-109.1805556,v3.20,IDF_v-3.20_2021_03_26_SK/idf_v-3.20_2021_03_26_404_SK_4043901_KINDERSLEY_A.txt
4045607,NORTH BATTLEFORD RCS,SK,52.77194556,-108.2555575,v3.20,IDF_v-3.20_2021_03_26_SK/idf_v-3.20_2021_03_26_404_SK_4045607_NORTH_BATTLEFORD_RCS.txt
4046884,ROSETOWN EAST,SK,51.56666667,-107.9166667,v3.20,IDF_v-3.20_2021_03_26_SK/idf_v-3.20_2021_03_26_404_SK_4046884_ROSETOWN_EAST.txt
4047240,SCOTT CDA,SK,52.35974,-108.8347233,v3.20,IDF_v-3.20_2021_03_26_SK/idf_v-3.20_2021_03_26_404_SK_4047240_SCOTT_CDA.txt
4055079,MELFORT,SK,52.81666667,-104.6,v3.20,IDF_v-3.20_2021_03_26_SK/idf_v-3.20_2021_03_26_405_SK_4055079_MELFORT.txt
4055736,OUTLOOK PFRA,SK,51.48333333,-107.05,v3.20,IDF_v-3.20_2021_03_26_SK/idf_v-3.20_2021_03_26_405_SK_4055736_OUTLOOK_PFRA.txt
4056240,PRINCE ALBERT A,SK,53.21666667,-105.6666667,v3.20,IDF_v-3.20_2021_03_26_SK/idf_v-3.20_2021_03_26_405_SK_4056240_PRINCE_ALBERT_A.txt
4057165,SASKATOON RCS,SK,52.17361111,-106.7188892,v3.20,IDF_v-3.20_2021_03_26_SK/idf_v-3.20_2021_03_26_405_SK_4057165_SASKATOON_RCS.txt
4057200,SASKATOON U OF S,SK,52.13333333,-106.6333333,v3.20,IDF_v-3.20_2021_03_26_SK/idf_v-3.20_2021_03_26_405_SK_4057200_SASKATOON_U_OF_S.txt
4057202,SASKATOON WATER TP,SK,52.11666667,-106.6833333,v3.20,IDF_v-3.20_2021_03_26_SK/idf_v-3.20_2021_03_26_405_SK_4057202_SASKATOON_WATER_TP.txt
4060983,BUFFALO NARROWS (AUT),SK,55.84055778,-108.4205581,v3.20,IDF_v-3.20_2021_03_26_SK/idf_v-3.20_2021_03_26_406_SK_4060983_BUFFALO_NARROWS_(AUT).txt
4061590,CLUFF LAKE,SK,58.36666667,-109.5166667,v3.20,IDF_v-3.20_2021_03_26_SK/idf_v-3.20_2021_03_26_406_SK_4061590_CLUFF_LAKE.txt
4061620,COLLINS BAY SK,SK,58.22916667,-103.6780556,v3.20,IDF_v-3.20_2021_03_26_SK/idf_v-3.20_2021_03_26_406_SK_4061620_COLLINS_BAY_SK.txt
4061861,CREE LAKE,SK,57.35,-107.1333333,v3.20,IDF_v-3.20_2021_03_26_SK/idf_v-3.20_2021_03_26_406_SK_4061861_CREE_LAKE.txt
4063605,ISLAND FALLS (AUT),SK,55.53333333,-102.35,v3.20,IDF_v-3.20_2021_03_26_SK/idf_v-3.20_2021_03_26_406_SK_4063605_ISLAND_FALLS_(AUT).txt
4064149,LA RONGE RCS,SK,55.14639444,-105.2702861,v3.20,IDF_v-3.20_2021_03_26_SK/idf_v-3.20_2021_03_26_406_SK_4064149_LA_RONGE_RCS.txt
4067655,SOUTHEND,SK,56.33333333,-103.2833333,v3.20,IDF_v-3.20_2021_03_26_SK/idf_v-3.20_2021_03_26_406_SK_4067655_SOUTHEND.txt
4067723,SPIRITWOOD WEST,SK,53.36666667,-107.55,v3.20,IDF_v-3.20_2021_03_26_SK/idf_v-3.20_2021_03_26_406_SK_4067723_SPIRITWOOD_WEST.txt
4067PR5,STONY RAPIDS A,SK,59.25,-105.8333333,v3.20,IDF_v-3.20_2021_03_26_SK/idf_v-3.20_2021_03_26_406_SK_4067PR5_STONY_RAPIDS_A.txt
4068559,WASKESIU LAKE,SK,53.91666667,-106.0666667,v3.20,IDF_v-3.20_2021_03_26_SK/idf_v-3.20_2021_03_26_406_SK_4068559_WASKESIU_LAKE.txt
406N0NM,MEADOW LAKE,SK,54.13333333,-108.5166667,v3.20,IDF_v-3.20_2021_03_26_SK/idf_v-3.20_2021_03_26_406_SK_406N0NM_MEADOW_LAKE.txt
406QLD0,URANIUM CITY (AUT),SK,59.56666667,-108.4833333,v3.20,IDF_v-3.20_2021_03_26_SK/idf_v-3.20_2021_03_26_406_SK_406QLD0_URANIUM_CITY_(AUT).txt
407N51G,NIPAWIN,SK,53.33333333,-104.0,v3.20,IDF_v-3.20_2021_03_26_SK/idf_v-3.20_2021_03_26_407_SK_407N51G_NIPAWIN.txt
4083324,HUDSON BAY(AUT),SK,52.81666667,-102.3166667,v3.20,IDF_v-3.20_2021_03_26_SK/idf_v-3.20_2021_03_26_408_SK_4083324_HUDSON_BAY(AUT).txt
2100184,BURWASH AIRPORT AUTO,YT,61.36666667,-139.0166667,v3.20,IDF_v-3.20_2021_03_26_YT/idf_v-3.20_2021_03_26_210_YT_2100184_BURWASH_AIRPORT_AUTO.txt
2100301,CARMACKS CS,YT,62.115,-136.1919722,v3.20,IDF_v-3.20_2021_03_26_YT/idf_v-3.20_2021_03_26_210_YT_2100301_CARMACKS_CS.txt
2100630,HAINES JUNCTION,YT,60.77250222,-137.5802789,v3.20,IDF_v-3.20_2021_03_26_YT/idf_v-3.20_2021_03_26_210_YT_2100630_HAINES_JUNCTION.txt
2100700,MAYO A,YT,63.61666667,-135.8666667,v3.20,IDF_v-3.20_2021_03_26_YT/idf_v-3.20_2021_03_26_210_YT_2100700_MAYO_A.txt
2100880,PELLY RANCH,YT,62.8300025,-137.3108347,v3.20,IDF_v-3.20_2021_03_26_YT/idf_v-3.20_2021_03_26_210_YT_2100880_PELLY_RANCH.txt
2100LRP,DAWSON,YT,64.06085444,-139.1266667,v3.20,IDF_v-3.20_2021_03_26_YT/idf_v-3.20_2021_03_26_210_YT_2100LRP_DAWSON.txt
2101102,TESLIN (AUT),YT,60.16666667,-132.7333333,v3.20,IDF_v-3.20_2021_03_26_YT/idf_v-3.20_2021_03_26_210_YT_2101102_TESLIN_(AUT).txt
2101204,WATSON LAKE (AUT),YT,60.11583889,-128.83195,v3.20,IDF_v-3.20_2021_03_26_YT/idf_v-3.20_2021_03_26_210_YT_2101204_WATSON_LAKE_(AUT).txt
2101310,WHITEHORSE AUTO,YT,60.73305556,-135.0977778,v3.20,IDF_v-3.20_2021_03_26_YT/idf_v-3.20_2021_03_26_210_YT_2101310_WHITEHORSE_AUTO.txt
